word,key,trans,hint,kana,romaji,wapuro,pos,tone,textbook
中国人,中国人,中国人,,ちゅうごくじん,chūgokujin,chuugokujinn,"NOUN",4,BIAORI-01-01-0001,,中,ちゅう,国,ごく,人,じん,,,,,,,,,,,,,,,,,,,,,,,,,,,,,,,,,,,,,,,,,,,,,,,,,,,,,,,,,,,,,,,,,,,,,,,,,,,,,,,,,,,,,,
日本人,日本人,日本人,,にほんじん,nipponjin,nihonnjin,"NOUN",4,BIAORI-01-01-0002,,日,に,本,ほん,人,じん,,,,,,,,,,,,,,,,,,,,,,,,,,,,,,,,,,,,,,,,,,,,,,,,,,,,,,,,,,,,,,,,,,,,,,,,,,,,,,,,,,,,,,
韓国人,韓国人,韩国人,,かんこくじん,kankokujin,kannkokujin,"NOUN",4,BIAORI-01-01-0003,,韓,かん,国,こく,人,じん,,,,,,,,,,,,,,,,,,,,,,,,,,,,,,,,,,,,,,,,,,,,,,,,,,,,,,,,,,,,,,,,,,,,,,,,,,,,,,,,,,,,,,
アメリカ人,アメリカ人,美国人,,アメリカじん,amerikajin,amerikajinn,"NOUN",4,BIAORI-01-01-0004,,アメリカ,America,人,じん,,,,,,,,,,,,,,,,,,,,,,,,,,,,,,,,,,,,,,,,,,,,,,,,,,,,,,,,,,,,,,,,,,,,,,,,,,,,,,,,,,,,,,,,
フランス人,フランス人,法国人,,フランスじん,furansujin,furannsujinn,"NOUN",4,BIAORI-01-01-0005,,フランス,France,人,じん,,,,,,,,,,,,,,,,,,,,,,,,,,,,,,,,,,,,,,,,,,,,,,,,,,,,,,,,,,,,,,,,,,,,,,,,,,,,,,,,,,,,,,,,
学生,学生,（大）学生,,がくせい,gakusei,gakusei,"NOUN",0,BIAORI-01-01-0006,,学,がく,生,せい,,,,,,,,,,,,,,,,,,,,,,,,,,,,,,,,,,,,,,,,,,,,,,,,,,,,,,,,,,,,,,,,,,,,,,,,,,,,,,,,,,,,,,,,
先生,先生,老师,,せんせい,sensei,sennsei,"NOUN",3,BIAORI-01-01-0007,,先,せん,生,せい,,,,,,,,,,,,,,,,,,,,,,,,,,,,,,,,,,,,,,,,,,,,,,,,,,,,,,,,,,,,,,,,,,,,,,,,,,,,,,,,,,,,,,,,
留学生,留学生,留学生,,りゅうがくせい,ryūgakusei,ryuugakusei,"NOUN",3,BIAORI-01-01-0008,,留,りゅう,学,がく,生,せい,,,,,,,,,,,,,,,,,,,,,,,,,,,,,,,,,,,,,,,,,,,,,,,,,,,,,,,,,,,,,,,,,,,,,,,,,,,,,,,,,,,,,,
教授,教授,教授,,きょうじゅ,kyōju,kyouju,"NOUN",0,BIAORI-01-01-0009,,教,きょう,授,じゅ,,,,,,,,,,,,,,,,,,,,,,,,,,,,,,,,,,,,,,,,,,,,,,,,,,,,,,,,,,,,,,,,,,,,,,,,,,,,,,,,,,,,,,,,
社員,社員,职员,社员,しゃいん,shain,shainn,"NOUN",1,BIAORI-01-01-0010,,社,しゃ,員,いん,,,,,,,,,,,,,,,,,,,,,,,,,,,,,,,,,,,,,,,,,,,,,,,,,,,,,,,,,,,,,,,,,,,,,,,,,,,,,,,,,,,,,,,,
会社員,会社員,公司职员,会社员,かいしゃいん,kaishain,kaishainn,"NOUN",3,BIAORI-01-01-0011,,会,かい,社,しゃ,員,いん,,,,,,,,,,,,,,,,,,,,,,,,,,,,,,,,,,,,,,,,,,,,,,,,,,,,,,,,,,,,,,,,,,,,,,,,,,,,,,,,,,,,,,
店員,店員,店员,,てんいん,ten'in,tennin,"NOUN",0,BIAORI-01-01-0012,,店,てん,員,いん,,,,,,,,,,,,,,,,,,,,,,,,,,,,,,,,,,,,,,,,,,,,,,,,,,,,,,,,,,,,,,,,,,,,,,,,,,,,,,,,,,,,,,,,
研修生,研修生,进修生,研修生,けんしゅうせい,kenshūsei,kennshuusei,"NOUN",3,BIAORI-01-01-0013,,研,けん,修,しゅう,生,せい,,,,,,,,,,,,,,,,,,,,,,,,,,,,,,,,,,,,,,,,,,,,,,,,,,,,,,,,,,,,,,,,,,,,,,,,,,,,,,,,,,,,,,
企業,企業,企业,,きぎょう,kigyō,kigyou,"NOUN",1,BIAORI-01-01-0014,,企,き,業,ぎょう,,,,,,,,,,,,,,,,,,,,,,,,,,,,,,,,,,,,,,,,,,,,,,,,,,,,,,,,,,,,,,,,,,,,,,,,,,,,,,,,,,,,,,,,
大学,大学,大学,,だいがく,daigaku,daigaku,"NOUN",0,BIAORI-01-01-0015,,大,だい,学,がく,,,,,,,,,,,,,,,,,,,,,,,,,,,,,,,,,,,,,,,,,,,,,,,,,,,,,,,,,,,,,,,,,,,,,,,,,,,,,,,,,,,,,,,,
父,父,（我）父亲,,ちち,chichi,chichi,"NOUN",2,BIAORI-01-01-0016,,父,ちち,,,,,,,,,,,,,,,,,,,,,,,,,,,,,,,,,,,,,,,,,,,,,,,,,,,,,,,,,,,,,,,,,,,,,,,,,,,,,,,,,,,,,,,,,,
課長,課長,科长,,かちょう,kachō,kachou,"NOUN",0,BIAORI-01-01-0017,,課,か,長,ちょう,,,,,,,,,,,,,,,,,,,,,,,,,,,,,,,,,,,,,,,,,,,,,,,,,,,,,,,,,,,,,,,,,,,,,,,,,,,,,,,,,,,,,,,,
社長,社長,总经理，社长,,しゃちょう,shachō,shachou,"NOUN",0,BIAORI-01-01-0018,,社,しゃ,長,ちょう,,,,,,,,,,,,,,,,,,,,,,,,,,,,,,,,,,,,,,,,,,,,,,,,,,,,,,,,,,,,,,,,,,,,,,,,,,,,,,,,,,,,,,,,
出迎え,出迎え,迎接,出迎,でむかえ,demukae,demukae,"NOUN",0,BIAORI-01-01-0019,,出,で,迎,むか,え,,,,,,,,,,,,,,,,,,,,,,,,,,,,,,,,,,,,,,,,,,,,,,,,,,,,,,,,,,,,,,,,,,,,,,,,,,,,,,,,,,,,,,,
あの人,あの人,那个人,,あのひと,anohito,anohito,"NOUN",2,BIAORI-01-01-0020,,あの,人,ひと,,,,,,,,,,,,,,,,,,,,,,,,,,,,,,,,,,,,,,,,,,,,,,,,,,,,,,,,,,,,,,,,,,,,,,,,,,,,,,,,,,,,,,,,,
わたし,わたし,我,,わたし,watashi,watashi,"PRON",0,BIAORI-01-01-0021,,わたし,,,,,,,,,,,,,,,,,,,,,,,,,,,,,,,,,,,,,,,,,,,,,,,,,,,,,,,,,,,,,,,,,,,,,,,,,,,,,,,,,,,,,,,,,,,
あなた,あなた,你,,あなた,anata,anata,"PRON",2,BIAORI-01-01-0022,,あなた,,,,,,,,,,,,,,,,,,,,,,,,,,,,,,,,,,,,,,,,,,,,,,,,,,,,,,,,,,,,,,,,,,,,,,,,,,,,,,,,,,,,,,,,,,,
どうも,どうも,非常，很,どうも,どうも,dōmo,doumo,"ADV",1,BIAORI-01-01-0023,,どうも,,,,,,,,,,,,,,,,,,,,,,,,,,,,,,,,,,,,,,,,,,,,,,,,,,,,,,,,,,,,,,,,,,,,,,,,,,,,,,,,,,,,,,,,,,,
はい,はい,哎，是（应答）；是的,はい,はい,hai,hai,"INTERJ",1,BIAORI-01-01-0024,,はい,,,,,,,,,,,,,,,,,,,,,,,,,,,,,,,,,,,,,,,,,,,,,,,,,,,,,,,,,,,,,,,,,,,,,,,,,,,,,,,,,,,,,,,,,,,
いいえ,いいえ,不，不是,いいえ,いいえ,īe,iie,"INTERJ",3,BIAORI-01-01-0025,,いいえ,,,,,,,,,,,,,,,,,,,,,,,,,,,,,,,,,,,,,,,,,,,,,,,,,,,,,,,,,,,,,,,,,,,,,,,,,,,,,,,,,,,,,,,,,,,
あっ,あっ,哎，哎呀,あっ,あっ,atsu,atsu,"INTERJ",null,BIAORI-01-01-0026,,あっ,,,,,,,,,,,,,,,,,,,,,,,,,,,,,,,,,,,,,,,,,,,,,,,,,,,,,,,,,,,,,,,,,,,,,,,,,,,,,,,,,,,,,,,,,,,
李,李,李,,り,ri,ri,"PROPER",null,BIAORI-01-01-0027,,李,り,,,,,,,,,,,,,,,,,,,,,,,,,,,,,,,,,,,,,,,,,,,,,,,,,,,,,,,,,,,,,,,,,,,,,,,,,,,,,,,,,,,,,,,,,,
王,王,王,,おう,ō,ou,"PROPER",1,BIAORI-01-01-0028,,王,おう,,,,,,,,,,,,,,,,,,,,,,,,,,,,,,,,,,,,,,,,,,,,,,,,,,,,,,,,,,,,,,,,,,,,,,,,,,,,,,,,,,,,,,,,,,
張,張,张,,ちょう,chō,chou,"PROPER",1,BIAORI-01-01-0029,,張,ちょう,,,,,,,,,,,,,,,,,,,,,,,,,,,,,,,,,,,,,,,,,,,,,,,,,,,,,,,,,,,,,,,,,,,,,,,,,,,,,,,,,,,,,,,,,,
森,森,森,,もり,mori,mori,"PROPER",0,BIAORI-01-01-0030,,森,もり,,,,,,,,,,,,,,,,,,,,,,,,,,,,,,,,,,,,,,,,,,,,,,,,,,,,,,,,,,,,,,,,,,,,,,,,,,,,,,,,,,,,,,,,,,
林,林,林,,はやし,hayashi,hayashi,"PROPER",0,BIAORI-01-01-0031,,林,はやし,,,,,,,,,,,,,,,,,,,,,,,,,,,,,,,,,,,,,,,,,,,,,,,,,,,,,,,,,,,,,,,,,,,,,,,,,,,,,,,,,,,,,,,,,,
小野,小野,小野,,おの,ono,ono,"PROPER",0,BIAORI-01-01-0032,,小,お,野,の,,,,,,,,,,,,,,,,,,,,,,,,,,,,,,,,,,,,,,,,,,,,,,,,,,,,,,,,,,,,,,,,,,,,,,,,,,,,,,,,,,,,,,,,
吉田,吉田,吉田,,よしだ,yoshida,yoshida,"PROPER",0,BIAORI-01-01-0033,,吉,よし,田,だ,,,,,,,,,,,,,,,,,,,,,,,,,,,,,,,,,,,,,,,,,,,,,,,,,,,,,,,,,,,,,,,,,,,,,,,,,,,,,,,,,,,,,,,,
田中,田中,田中,,たなか,tanaka,tanaka,"PROPER",0,BIAORI-01-01-0034,,田,た,中,なか,,,,,,,,,,,,,,,,,,,,,,,,,,,,,,,,,,,,,,,,,,,,,,,,,,,,,,,,,,,,,,,,,,,,,,,,,,,,,,,,,,,,,,,,
中村,中村,中村,,なかむら,nakamura,nakamura,"PROPER",0,BIAORI-01-01-0035,,中,なか,村,むら,,,,,,,,,,,,,,,,,,,,,,,,,,,,,,,,,,,,,,,,,,,,,,,,,,,,,,,,,,,,,,,,,,,,,,,,,,,,,,,,,,,,,,,,
太郎,太郎,太郎,,たろう,tarō,tarou,"PROPER",1,BIAORI-01-01-0036,,太,た,郎,ろう,,,,,,,,,,,,,,,,,,,,,,,,,,,,,,,,,,,,,,,,,,,,,,,,,,,,,,,,,,,,,,,,,,,,,,,,,,,,,,,,,,,,,,,,
金,金,金,,キム,kimu,kimu,"PROPER",1,BIAORI-01-01-0037,,金,キム,,,,,,,,,,,,,,,,,,,,,,,,,,,,,,,,,,,,,,,,,,,,,,,,,,,,,,,,,,,,,,,,,,,,,,,,,,,,,,,,,,,,,,,,,,
ヂュポン,ヂュポン,迪蓬,,ヂュポン,jupon,juponn,"PROPER",1,BIAORI-01-01-0038,,ヂュポン,,,,,,,,,,,,,,,,,,,,,,,,,,,,,,,,,,,,,,,,,,,,,,,,,,,,,,,,,,,,,,,,,,,,,,,,,,,,,,,,,,,,,,,,,,,
スミス,スミス,史密斯,,スミス,sumisu,sumisu,"PROPER",1,BIAORI-01-01-0039,,スミス,,,,,,,,,,,,,,,,,,,,,,,,,,,,,,,,,,,,,,,,,,,,,,,,,,,,,,,,,,,,,,,,,,,,,,,,,,,,,,,,,,,,,,,,,,,
ジョンソン,ジョンソン,约翰逊,,ジョンソン,jonson,jonnson,"PROPER",1,BIAORI-01-01-0040,,ジョンソン,,,,,,,,,,,,,,,,,,,,,,,,,,,,,,,,,,,,,,,,,,,,,,,,,,,,,,,,,,,,,,,,,,,,,,,,,,,,,,,,,,,,,,,,,,,
中国,中国,中国,,ちゅうごく,chūgoku,chuugoku,"PROPER",1,BIAORI-01-01-0041,,中,ちゅう,国,ごく,,,,,,,,,,,,,,,,,,,,,,,,,,,,,,,,,,,,,,,,,,,,,,,,,,,,,,,,,,,,,,,,,,,,,,,,,,,,,,,,,,,,,,,,
東京大学,東京大学,东京大学,,とうきょうだいがく,tōkyōdaigaku,toukyoudaigaku,"PROPER",5,BIAORI-01-01-0042,,東,とう,京,きょう,大,だい,学,がく,,,,,,,,,,,,,,,,,,,,,,,,,,,,,,,,,,,,,,,,,,,,,,,,,,,,,,,,,,,,,,,,,,,,,,,,,,,,,,,,,,,,
北京大学,北京大学,北京大学,,ペキンだいがく,pekindaigaku,pekinndaigaku,"PROPER",4,BIAORI-01-01-0043,,北,ペ,京,キン,大,だい,学,がく,,,,,,,,,,,,,,,,,,,,,,,,,,,,,,,,,,,,,,,,,,,,,,,,,,,,,,,,,,,,,,,,,,,,,,,,,,,,,,,,,,,,
JC企画,JC企画,JC策划公司,,ジェーシーきかく,JCkikaku,jckikaku,"PROPER",5,BIAORI-01-01-0044,,J,ジェー,C,シー,企,き,画,かく,,,,,,,,,,,,,,,,,,,,,,,,,,,,,,,,,,,,,,,,,,,,,,,,,,,,,,,,,,,,,,,,,,,,,,,,,,,,,,,,,,,,
北京旅行社,北京旅行社,北京旅行社,,ペキンりょこうしゃ,pekinryokōsha,pekinnryokousha,"PROPER",5,BIAORI-01-01-0045,,北,ペ,京,キン,旅,りょ,行,こう,社,しゃ,,,,,,,,,,,,,,,,,,,,,,,,,,,,,,,,,,,,,,,,,,,,,,,,,,,,,,,,,,,,,,,,,,,,,,,,,,,,,,,,,,
日中商事,日中商事,日中商社,,にっちゅうしょうじ,nichinakashōji,nitchuushouji,"PROPER",5,BIAORI-01-01-0046,,日,にっ,中,ちゅう,商,しょう,事,じ,,,,,,,,,,,,,,,,,,,,,,,,,,,,,,,,,,,,,,,,,,,,,,,,,,,,,,,,,,,,,,,,,,,,,,,,,,,,,,,,,,,,
こんにちは,こんにちは,你好,,こんにちは,konnichiwa,konnnichiha,"IDIOM",5,BIAORI-01-01-0047,,こんにちは,,,,,,,,,,,,,,,,,,,,,,,,,,,,,,,,,,,,,,,,,,,,,,,,,,,,,,,,,,,,,,,,,,,,,,,,,,,,,,,,,,,,,,,,,,,
すみません,すみません,对不起；请问,,すみません,sumimasen,sumimasenn,"IDIOM",4,BIAORI-01-01-0048,,すみません,,,,,,,,,,,,,,,,,,,,,,,,,,,,,,,,,,,,,,,,,,,,,,,,,,,,,,,,,,,,,,,,,,,,,,,,,,,,,,,,,,,,,,,,,,,
どうぞ,どうぞ,请,,どうぞ,dōzo,douzo,"IDIOM",1,BIAORI-01-01-0049,,どうぞ,,,,,,,,,,,,,,,,,,,,,,,,,,,,,,,,,,,,,,,,,,,,,,,,,,,,,,,,,,,,,,,,,,,,,,,,,,,,,,,,,,,,,,,,,,,
よろしくお願いします,よろしくお願いします,请多关照,,よろしくおねがいします,yoroshikuonegaishimasu,yoroshikuonegaishimasu,"IDIOM",null,BIAORI-01-01-0050,,よろしくお,願,ねが,いします,,,,,,,,,,,,,,,,,,,,,,,,,,,,,,,,,,,,,,,,,,,,,,,,,,,,,,,,,,,,,,,,,,,,,,,,,,,,,,,,,,,,,,,,
はじめまして,はじめまして,初次见面,,はじめまして,hajimemashite,hajimemashite,"IDIOM",4,BIAORI-01-01-0051,,はじめまして,,,,,,,,,,,,,,,,,,,,,,,,,,,,,,,,,,,,,,,,,,,,,,,,,,,,,,,,,,,,,,,,,,,,,,,,,,,,,,,,,,,,,,,,,,,
こちらこそ,こちらこそ,我才要（请您~）,,こちらこそ,kochirakoso,kochirakoso,"IDIOM",4,BIAORI-01-01-0052,,こちらこそ,,,,,,,,,,,,,,,,,,,,,,,,,,,,,,,,,,,,,,,,,,,,,,,,,,,,,,,,,,,,,,,,,,,,,,,,,,,,,,,,,,,,,,,,,,,
そうです,そうです,是（这样）,,そうです,sōdesu,soudesu,"IDIOM",1,BIAORI-01-01-0053,,そうです,,,,,,,,,,,,,,,,,,,,,,,,,,,,,,,,,,,,,,,,,,,,,,,,,,,,,,,,,,,,,,,,,,,,,,,,,,,,,,,,,,,,,,,,,,,
ちがいます,ちがいます,不是,,ちがいます,chigaimasu,chigaimasu,"IDIOM",4,BIAORI-01-01-0054,,ちがいます,,,,,,,,,,,,,,,,,,,,,,,,,,,,,,,,,,,,,,,,,,,,,,,,,,,,,,,,,,,,,,,,,,,,,,,,,,,,,,,,,,,,,,,,,,,
分かりません,分かりません,不知道,,わかりません,wakarimasen,wakarimasenn,"IDIOM",5,BIAORI-01-01-0055,,分,わ,かりません,,,,,,,,,,,,,,,,,,,,,,,,,,,,,,,,,,,,,,,,,,,,,,,,,,,,,,,,,,,,,,,,,,,,,,,,,,,,,,,,,,,,,,,,,
どうもすみません,どうもすみません,实在对不起,,どうもすみません,dōmosumimasen,doumosumimasenn,"IDIOM",[1|7],BIAORI-01-01-0056,,どうもすみません,,,,,,,,,,,,,,,,,,,,,,,,,,,,,,,,,,,,,,,,,,,,,,,,,,,,,,,,,,,,,,,,,,,,,,,,,,,,,,,,,,,,,,,,,,,
さん,さん,（~桑）,~桑,さん,san,sann,"IDIOM",null,BIAORI-01-01-0057,,さん,,,,,,,,,,,,,,,,,,,,,,,,,,,,,,,,,,,,,,,,,,,,,,,,,,,,,,,,,,,,,,,,,,,,,,,,,,,,,,,,,,,,,,,,,,,
ちゃん,ちゃん,（~酱）,~酱,ちゃん,chan,chann,"IDIOM",null,BIAORI-01-01-0058,,ちゃん,,,,,,,,,,,,,,,,,,,,,,,,,,,,,,,,,,,,,,,,,,,,,,,,,,,,,,,,,,,,,,,,,,,,,,,,,,,,,,,,,,,,,,,,,,,
君,君,（~君）,~君,くん,kimi,kunn,"IDIOM",null,BIAORI-01-01-0059,,君,くん,,,,,,,,,,,,,,,,,,,,,,,,,,,,,,,,,,,,,,,,,,,,,,,,,,,,,,,,,,,,,,,,,,,,,,,,,,,,,,,,,,,,,,,,,,
国,国,国名,duplicate,くに,kuni,kuni,"NOUN",null,BIAORI-01-01-EXT-0001,,国,くに,,,,,,,,,,,,,,,,,,,,,,,,,,,,,,,,,,,,,,,,,,,,,,,,,,,,,,,,,,,,,,,,,,,,,,,,,,,,,,,,,,,,,,,,,,
中国,中国,中国,duplicate,ちゅうごく,chūgoku,chuugoku,"PROPER",null,BIAORI-01-01-EXT-0002,,中,ちゅう,国,ごく,,,,,,,,,,,,,,,,,,,,,,,,,,,,,,,,,,,,,,,,,,,,,,,,,,,,,,,,,,,,,,,,,,,,,,,,,,,,,,,,,,,,,,,,
日本,日本,日本,duplicate,にほん,nippon,nihonn,"PROPER",null,BIAORI-01-01-EXT-0003,,日,に,本,ほん,,,,,,,,,,,,,,,,,,,,,,,,,,,,,,,,,,,,,,,,,,,,,,,,,,,,,,,,,,,,,,,,,,,,,,,,,,,,,,,,,,,,,,,,
アメリカ,アメリカ,美国,duplicate,アメリカ,amerika,amerika,"PROPER",null,BIAORI-01-01-EXT-0004,WARNING,アメリカ,America,,,,,,,,,,,,,,,,,,,,,,,,,,,,,,,,,,,,,,,,,,,,,,,,,,,,,,,,,,,,,,,,,,,,,,,,,,,,,,,,,,,,,,,,,,
イギリス,イギリス,英国,,イギリス,igirisu,igirisu,"PROPER",null,BIAORI-01-01-EXT-0005,WARNING,イギリス,English,,,,,,,,,,,,,,,,,,,,,,,,,,,,,,,,,,,,,,,,,,,,,,,,,,,,,,,,,,,,,,,,,,,,,,,,,,,,,,,,,,,,,,,,,,
イタリア,イタリア,意大利,,イタリア,itaria,itaria,"PROPER",null,BIAORI-01-01-EXT-0006,WARNING,イタリア,Italia,,,,,,,,,,,,,,,,,,,,,,,,,,,,,,,,,,,,,,,,,,,,,,,,,,,,,,,,,,,,,,,,,,,,,,,,,,,,,,,,,,,,,,,,,,
インド,インド,印度,,インド,indo,inndo,"PROPER",null,BIAORI-01-01-EXT-0007,WARNING,インド,印度,,,,,,,,,,,,,,,,,,,,,,,,,,,,,,,,,,,,,,,,,,,,,,,,,,,,,,,,,,,,,,,,,,,,,,,,,,,,,,,,,,,,,,,,,,
オーストラリア,オーストラリア,澳大利亚；澳洲,,オーストラリア,ōsutoraria,o-sutoraria,"PROPER",null,BIAORI-01-01-EXT-0008,WARNING,オーストラリア,Australia,,,,,,,,,,,,,,,,,,,,,,,,,,,,,,,,,,,,,,,,,,,,,,,,,,,,,,,,,,,,,,,,,,,,,,,,,,,,,,,,,,,,,,,,,,
韓国,韓国,韩国,duplicate,かんこく,kankoku,kannkoku,"PROPER",null,BIAORI-01-01-EXT-0009,,韓,かん,国,こく,,,,,,,,,,,,,,,,,,,,,,,,,,,,,,,,,,,,,,,,,,,,,,,,,,,,,,,,,,,,,,,,,,,,,,,,,,,,,,,,,,,,,,,,
スペイン,スペイン,西班牙,,スペイン,supein,supeinn,"PROPER",null,BIAORI-01-01-EXT-0010,WARNING,スペイン,Spain,,,,,,,,,,,,,,,,,,,,,,,,,,,,,,,,,,,,,,,,,,,,,,,,,,,,,,,,,,,,,,,,,,,,,,,,,,,,,,,,,,,,,,,,,,
タイ,タイ,泰国,,タイ,tai,tai,"PROPER",null,BIAORI-01-01-EXT-0011,WARNING,タイ,Thai,,,,,,,,,,,,,,,,,,,,,,,,,,,,,,,,,,,,,,,,,,,,,,,,,,,,,,,,,,,,,,,,,,,,,,,,,,,,,,,,,,,,,,,,,,
ドイツ,ドイツ,德国,,ドイツ,doitsu,doitsu,"PROPER",null,BIAORI-01-01-EXT-0012,WARNING,ドイツ,Deutsch,,,,,,,,,,,,,,,,,,,,,,,,,,,,,,,,,,,,,,,,,,,,,,,,,,,,,,,,,,,,,,,,,,,,,,,,,,,,,,,,,,,,,,,,,,
ブラジル,ブラジル,巴西,,ブラジル,burajiru,burajiru,"PROPER",null,BIAORI-01-01-EXT-0013,WARNING,ブラジル,Brazil,,,,,,,,,,,,,,,,,,,,,,,,,,,,,,,,,,,,,,,,,,,,,,,,,,,,,,,,,,,,,,,,,,,,,,,,,,,,,,,,,,,,,,,,,,
フランス,フランス,法国,duplicate,フランス,furansu,furannsu,"PROPER",null,BIAORI-01-01-EXT-0014,WARNING,フランス,France,,,,,,,,,,,,,,,,,,,,,,,,,,,,,,,,,,,,,,,,,,,,,,,,,,,,,,,,,,,,,,,,,,,,,,,,,,,,,,,,,,,,,,,,,,
ベトナム,ベトナム,越南,,ベトナム,betonamu,betonamu,"PROPER",null,BIAORI-01-01-EXT-0015,WARNING,ベトナム,Vietnam,,,,,,,,,,,,,,,,,,,,,,,,,,,,,,,,,,,,,,,,,,,,,,,,,,,,,,,,,,,,,,,,,,,,,,,,,,,,,,,,,,,,,,,,,,
メキシコ,メキシコ,墨西哥,,メキシコ,mekishiko,mekishiko,"PROPER",null,BIAORI-01-01-EXT-0016,WARNING,メキシコ,Mexico,,,,,,,,,,,,,,,,,,,,,,,,,,,,,,,,,,,,,,,,,,,,,,,,,,,,,,,,,,,,,,,,,,,,,,,,,,,,,,,,,,,,,,,,,,
ロシア,ロシア,俄罗斯,,ロシア,roshia,roshia,"PROPER",null,BIAORI-01-01-EXT-0017,WARNING,ロシア,Russia,,,,,,,,,,,,,,,,,,,,,,,,,,,,,,,,,,,,,,,,,,,,,,,,,,,,,,,,,,,,,,,,,,,,,,,,,,,,,,,,,,,,,,,,,,
外国,外国,外国,,がいこく,gaikoku,gaikoku,"NOUN",null,BIAORI-01-01-EXT-0018,,外,がい,国,こく,,,,,,,,,,,,,,,,,,,,,,,,,,,,,,,,,,,,,,,,,,,,,,,,,,,,,,,,,,,,,,,,,,,,,,,,,,,,,,,,,,,,,,,,
人,人,~人,,じん,jin,jinn,"NOUN",null,BIAORI-01-01-EXT-0019,,人,じん,,,,,,,,,,,,,,,,,,,,,,,,,,,,,,,,,,,,,,,,,,,,,,,,,,,,,,,,,,,,,,,,,,,,,,,,,,,,,,,,,,,,,,,,,,
中国人,中国人,中国人,duplicate,ちゅうごくじん,chūgokujin,chuugokujinn,"NOUN",null,BIAORI-01-01-EXT-0020,,中,ちゅう,国,ごく,人,じん,,,,,,,,,,,,,,,,,,,,,,,,,,,,,,,,,,,,,,,,,,,,,,,,,,,,,,,,,,,,,,,,,,,,,,,,,,,,,,,,,,,,,,
日本人,日本人,日本人,duplicate,にほんじん,nipponjin,nihonnjin,"NOUN",null,BIAORI-01-01-EXT-0021,,日,に,本,ほん,人,じん,,,,,,,,,,,,,,,,,,,,,,,,,,,,,,,,,,,,,,,,,,,,,,,,,,,,,,,,,,,,,,,,,,,,,,,,,,,,,,,,,,,,,,
アメリカ人,アメリカ人,美国人,duplicate,アメリカじん,amerikajin,amerikajinn,"NOUN",null,BIAORI-01-01-EXT-0022,,アメリカ,America,人,じん,,,,,,,,,,,,,,,,,,,,,,,,,,,,,,,,,,,,,,,,,,,,,,,,,,,,,,,,,,,,,,,,,,,,,,,,,,,,,,,,,,,,,,,,
イギリス人,イギリス人,英国人,,イギリスじん,igirisujin,igirisujinn,"PROPER",null,BIAORI-01-01-EXT-0023,,イギリス,Engish,人,じん,,,,,,,,,,,,,,,,,,,,,,,,,,,,,,,,,,,,,,,,,,,,,,,,,,,,,,,,,,,,,,,,,,,,,,,,,,,,,,,,,,,,,,,,
イタリア人,イタリア人,意大利人,,イタリアじん,itariajin,itariajinn,"PROPER",null,BIAORI-01-01-EXT-0024,,イタリア,Italia,人,じん,,,,,,,,,,,,,,,,,,,,,,,,,,,,,,,,,,,,,,,,,,,,,,,,,,,,,,,,,,,,,,,,,,,,,,,,,,,,,,,,,,,,,,,,
インド人,インド人,印度人,,インドじん,indojin,inndojinn,"PROPER",null,BIAORI-01-01-EXT-0025,,インド,India,人,じん,,,,,,,,,,,,,,,,,,,,,,,,,,,,,,,,,,,,,,,,,,,,,,,,,,,,,,,,,,,,,,,,,,,,,,,,,,,,,,,,,,,,,,,,
オーストラリア人,オーストラリア人,澳大利亚人,,オーストラリアじんじん,ōsutorariajin,o-sutorariajinnjin,"PROPER",null,BIAORI-01-01-EXT-0026,,オーストラリア,Australia,人,じん,人,じん,,,,,,,,,,,,,,,,,,,,,,,,,,,,,,,,,,,,,,,,,,,,,,,,,,,,,,,,,,,,,,,,,,,,,,,,,,,,,,,,,,,,,,
韓国人,韓国人,韩国人,duplicate,かんこくじん,kankokujin,kannkokujin,"NOUN",null,BIAORI-01-01-EXT-0027,,韓,かん,国,こく,人,じん,,,,,,,,,,,,,,,,,,,,,,,,,,,,,,,,,,,,,,,,,,,,,,,,,,,,,,,,,,,,,,,,,,,,,,,,,,,,,,,,,,,,,,
スペイン人,スペイン人,西班牙人,,スペインじん,supeinjin,supeinnjinn,"PROPER",null,BIAORI-01-01-EXT-0028,,スペイン,Spain,人,じん,,,,,,,,,,,,,,,,,,,,,,,,,,,,,,,,,,,,,,,,,,,,,,,,,,,,,,,,,,,,,,,,,,,,,,,,,,,,,,,,,,,,,,,,
タイ人,タイ人,泰国人,,タイじん,taijin,taijinn,"PROPER",null,BIAORI-01-01-EXT-0029,,タイ,Thai,人,じん,,,,,,,,,,,,,,,,,,,,,,,,,,,,,,,,,,,,,,,,,,,,,,,,,,,,,,,,,,,,,,,,,,,,,,,,,,,,,,,,,,,,,,,,
ドイツ人,ドイツ人,德国人,,ドイツじん,doitsujin,doitsujinn,"PROPER",null,BIAORI-01-01-EXT-0030,,ドイツ,Deutsch,人,じん,,,,,,,,,,,,,,,,,,,,,,,,,,,,,,,,,,,,,,,,,,,,,,,,,,,,,,,,,,,,,,,,,,,,,,,,,,,,,,,,,,,,,,,,
ブラジル人,ブラジル人,巴西人,,ブラジルじん,burajirujin,burajirujinn,"PROPER",null,BIAORI-01-01-EXT-0031,,ブラジル,Brasil,人,じん,,,,,,,,,,,,,,,,,,,,,,,,,,,,,,,,,,,,,,,,,,,,,,,,,,,,,,,,,,,,,,,,,,,,,,,,,,,,,,,,,,,,,,,,
フランス人,フランス人,法国人,duplicate,フランスじん,furansujin,furannsujinn,"PROPER",null,BIAORI-01-01-EXT-0032,,フランス,France,人,じん,,,,,,,,,,,,,,,,,,,,,,,,,,,,,,,,,,,,,,,,,,,,,,,,,,,,,,,,,,,,,,,,,,,,,,,,,,,,,,,,,,,,,,,,
ベトナム人,ベトナム人,越南人,,ベトナムじん,betonamujin,betonamujinn,"PROPER",null,BIAORI-01-01-EXT-0033,,ベトナム,Vietnam,人,じん,,,,,,,,,,,,,,,,,,,,,,,,,,,,,,,,,,,,,,,,,,,,,,,,,,,,,,,,,,,,,,,,,,,,,,,,,,,,,,,,,,,,,,,,
メキシコ人,メキシコ人,墨西哥人,,メキシコじん,mekishikojin,mekishikojinn,"PROPER",null,BIAORI-01-01-EXT-0034,,メキシコ,Mexico,人,じん,,,,,,,,,,,,,,,,,,,,,,,,,,,,,,,,,,,,,,,,,,,,,,,,,,,,,,,,,,,,,,,,,,,,,,,,,,,,,,,,,,,,,,,,
ロシア人,ロシア人,俄罗斯人,,ロシアじん,roshiajin,roshiajinn,"PROPER",null,BIAORI-01-01-EXT-0035,,ロシア,Russia,人,じん,,,,,,,,,,,,,,,,,,,,,,,,,,,,,,,,,,,,,,,,,,,,,,,,,,,,,,,,,,,,,,,,,,,,,,,,,,,,,,,,,,,,,,,,
外国人,外国人,外国人,,がいこくじん,gaikokujin,gaikokujinn,"NOUN",null,BIAORI-01-01-EXT-0036,,外,がい,国,こく,人,じん,,,,,,,,,,,,,,,,,,,,,,,,,,,,,,,,,,,,,,,,,,,,,,,,,,,,,,,,,,,,,,,,,,,,,,,,,,,,,,,,,,,,,,
語,語,~语,,ご,go,go,"NOUN",null,BIAORI-01-01-EXT-0037,,語,ご,,,,,,,,,,,,,,,,,,,,,,,,,,,,,,,,,,,,,,,,,,,,,,,,,,,,,,,,,,,,,,,,,,,,,,,,,,,,,,,,,,,,,,,,,,
中国語,中国語,汉语,duplicate,ちゅうごくご,chūgokugo,chuugokugo,"NOUN",null,BIAORI-01-01-EXT-0038,,中,ちゅう,国,ごく,語,ご,,,,,,,,,,,,,,,,,,,,,,,,,,,,,,,,,,,,,,,,,,,,,,,,,,,,,,,,,,,,,,,,,,,,,,,,,,,,,,,,,,,,,,
日本語,日本語,日本语,duplicate,にほんご,nihongo,nihonngo,"NOUN",null,BIAORI-01-01-EXT-0039,,日,に,本,ほん,語,ご,,,,,,,,,,,,,,,,,,,,,,,,,,,,,,,,,,,,,,,,,,,,,,,,,,,,,,,,,,,,,,,,,,,,,,,,,,,,,,,,,,,,,,
英語,英語,英语,,えいご,eigo,eigo,"NOUN",null,BIAORI-01-01-EXT-0040,,英,えい,語,ご,,,,,,,,,,,,,,,,,,,,,,,,,,,,,,,,,,,,,,,,,,,,,,,,,,,,,,,,,,,,,,,,,,,,,,,,,,,,,,,,,,,,,,,,
英語,英語,英语,duplicate,えいご,eigo,eigo,"NOUN",null,BIAORI-01-01-EXT-0041,,英,えい,語,ご,,,,,,,,,,,,,,,,,,,,,,,,,,,,,,,,,,,,,,,,,,,,,,,,,,,,,,,,,,,,,,,,,,,,,,,,,,,,,,,,,,,,,,,,
イタリア語,イタリア語,意大利语,,イタリアご,itariago,itariago,"PROPER",null,BIAORI-01-01-EXT-0042,,イタリア,Italia,語,ご,,,,,,,,,,,,,,,,,,,,,,,,,,,,,,,,,,,,,,,,,,,,,,,,,,,,,,,,,,,,,,,,,,,,,,,,,,,,,,,,,,,,,,,,
ヒンディー語,ヒンディー語,印地语,,ヒンディーご,hindīgo,hinndi-go,"PROPER",null,BIAORI-01-01-EXT-0043,,ヒンディー,Hindi,語,ご,,,,,,,,,,,,,,,,,,,,,,,,,,,,,,,,,,,,,,,,,,,,,,,,,,,,,,,,,,,,,,,,,,,,,,,,,,,,,,,,,,,,,,,,
英語,英語,英语,duplicate,えいご,eigo,eigo,"NOUN",null,BIAORI-01-01-EXT-0044,,英,えい,語,ご,,,,,,,,,,,,,,,,,,,,,,,,,,,,,,,,,,,,,,,,,,,,,,,,,,,,,,,,,,,,,,,,,,,,,,,,,,,,,,,,,,,,,,,,
韓国語,韓国語,韩语,duplicate,かんこくご,kankokugo,kannkokugo,"NOUN",null,BIAORI-01-01-EXT-0045,,韓,かん,国,こく,語,ご,,,,,,,,,,,,,,,,,,,,,,,,,,,,,,,,,,,,,,,,,,,,,,,,,,,,,,,,,,,,,,,,,,,,,,,,,,,,,,,,,,,,,,
スペイン語,スペイン語,西班牙语,,スペインご,supeingo,supeinngo,"PROPER",null,BIAORI-01-01-EXT-0046,,スペイン,Spain,語,ご,,,,,,,,,,,,,,,,,,,,,,,,,,,,,,,,,,,,,,,,,,,,,,,,,,,,,,,,,,,,,,,,,,,,,,,,,,,,,,,,,,,,,,,,
タイ語,タイ語,泰语,,タイご,taigo,taigo,"PROPER",null,BIAORI-01-01-EXT-0047,,タイ,Thai,語,ご,,,,,,,,,,,,,,,,,,,,,,,,,,,,,,,,,,,,,,,,,,,,,,,,,,,,,,,,,,,,,,,,,,,,,,,,,,,,,,,,,,,,,,,,
ドイツ語,ドイツ語,德语,,ドイツご,doitsugo,doitsugo,"PROPER",null,BIAORI-01-01-EXT-0048,,ドイツ,Deutsch,語,ご,,,,,,,,,,,,,,,,,,,,,,,,,,,,,,,,,,,,,,,,,,,,,,,,,,,,,,,,,,,,,,,,,,,,,,,,,,,,,,,,,,,,,,,,
ポルトガル語,ポルトガル語,葡萄牙语,,ブラジルご,porutogarugo,burajirugo,"PROPER",null,BIAORI-01-01-EXT-0049,,ブラジル,Brasil,語,ご,,,,,,,,,,,,,,,,,,,,,,,,,,,,,,,,,,,,,,,,,,,,,,,,,,,,,,,,,,,,,,,,,,,,,,,,,,,,,,,,,,,,,,,,
フランス語,フランス語,法语,,フランスご,furansugo,furannsugo,"PROPER",null,BIAORI-01-01-EXT-0050,,フランス,France,語,ご,,,,,,,,,,,,,,,,,,,,,,,,,,,,,,,,,,,,,,,,,,,,,,,,,,,,,,,,,,,,,,,,,,,,,,,,,,,,,,,,,,,,,,,,
ベトナム語,ベトナム語,越南语,,ベトナムご,betonamugo,betonamugo,"PROPER",null,BIAORI-01-01-EXT-0051,,ベトナム,Vietnam,語,ご,,,,,,,,,,,,,,,,,,,,,,,,,,,,,,,,,,,,,,,,,,,,,,,,,,,,,,,,,,,,,,,,,,,,,,,,,,,,,,,,,,,,,,,,
スペイン語,スペイン語,西班牙语,duplicate,メキシコご,supeingo,mekishikogo,"PROPER",null,BIAORI-01-01-EXT-0052,,メキシコ,Mexico,語,ご,,,,,,,,,,,,,,,,,,,,,,,,,,,,,,,,,,,,,,,,,,,,,,,,,,,,,,,,,,,,,,,,,,,,,,,,,,,,,,,,,,,,,,,,
ロシア語,ロシア語,俄语,,ロシアご,roshiago,roshiago,"PROPER",null,BIAORI-01-01-EXT-0053,,ロシア,Russia,語,ご,,,,,,,,,,,,,,,,,,,,,,,,,,,,,,,,,,,,,,,,,,,,,,,,,,,,,,,,,,,,,,,,,,,,,,,,,,,,,,,,,,,,,,,,
外国語,外国語,外语,,がいこくご,gaikokugo,gaikokugo,"NOUN",null,BIAORI-01-01-EXT-0054,,外,がい,国,こく,語,ご,,,,,,,,,,,,,,,,,,,,,,,,,,,,,,,,,,,,,,,,,,,,,,,,,,,,,,,,,,,,,,,,,,,,,,,,,,,,,,,,,,,,,,
大陸,大陸,大陆,,たいりく,tairiku,tairiku,"NOUN",null,BIAORI-01-01-EXT-0055,,大,たい,陸,りく,,,,,,,,,,,,,,,,,,,,,,,,,,,,,,,,,,,,,,,,,,,,,,,,,,,,,,,,,,,,,,,,,,,,,,,,,,,,,,,,,,,,,,,,
アジア,アジア,亚洲,,アジア,ajia,ajia,"PROPER",null,BIAORI-01-01-EXT-0056,WARNING,アジア,Asia,,,,,,,,,,,,,,,,,,,,,,,,,,,,,,,,,,,,,,,,,,,,,,,,,,,,,,,,,,,,,,,,,,,,,,,,,,,,,,,,,,,,,,,,,,
オーストラリア,オーストラリア-BIAORI-2,澳洲,,オーストラリア,ōsutoraria,o-sutoraria,"PROPER",null,BIAORI-01-01-EXT-0057,WARNING,オーストラリア,Australia,,,,,,,,,,,,,,,,,,,,,,,,,,,,,,,,,,,,,,,,,,,,,,,,,,,,,,,,,,,,,,,,,,,,,,,,,,,,,,,,,,,,,,,,,,
ヨーロッパ,ヨーロッパ,欧洲,,ヨーロッパ,yōroppa,yo-roppa,"PROPER",null,BIAORI-01-01-EXT-0058,WARNING,ヨーロッパ,Europe,,,,,,,,,,,,,,,,,,,,,,,,,,,,,,,,,,,,,,,,,,,,,,,,,,,,,,,,,,,,,,,,,,,,,,,,,,,,,,,,,,,,,,,,,,
アフリカ,アフリカ,非洲,,アフリカ,afurika,afurika,"PROPER",null,BIAORI-01-01-EXT-0059,WARNING,アフリカ,Africa,,,,,,,,,,,,,,,,,,,,,,,,,,,,,,,,,,,,,,,,,,,,,,,,,,,,,,,,,,,,,,,,,,,,,,,,,,,,,,,,,,,,,,,,,,
北アメリカ,北アメリカ,北美洲,,きたアメリカ,kitaamerika,kitaamerika,"PROPER",null,BIAORI-01-01-EXT-0060,WARNING,北,きた,アメリカ,America,,,,,,,,,,,,,,,,,,,,,,,,,,,,,,,,,,,,,,,,,,,,,,,,,,,,,,,,,,,,,,,,,,,,,,,,,,,,,,,,,,,,,,,,
南アメリカ,南アメリカ,南美洲,,みなみアメリカ,minamiamerika,minamiamerika,"PROPER",null,BIAORI-01-01-EXT-0061,WARNING,南,みなみ,アメリカ,America,,,,,,,,,,,,,,,,,,,,,,,,,,,,,,,,,,,,,,,,,,,,,,,,,,,,,,,,,,,,,,,,,,,,,,,,,,,,,,,,,,,,,,,,
本,本,书,,ほん,hon,honn,"NOUN",1,BIAORI-01-02-0001,,本,ほん,,,,,,,,,,,,,,,,,,,,,,,,,,,,,,,,,,,,,,,,,,,,,,,,,,,,,,,,,,,,,,,,,,,,,,,,,,,,,,,,,,,,,,,,,,
かばん,かばん,包，公文包,,かばん,kaban,kabann,"NOUN",0,BIAORI-01-02-0002,,かばん,,,,,,,,,,,,,,,,,,,,,,,,,,,,,,,,,,,,,,,,,,,,,,,,,,,,,,,,,,,,,,,,,,,,,,,,,,,,,,,,,,,,,,,,,,,
ノート,ノート,笔记本，本子,,ノート,nōto,no-to,"NOUN",1,BIAORI-01-02-0003,WARNING,ノート,note,,,,,,,,,,,,,,,,,,,,,,,,,,,,,,,,,,,,,,,,,,,,,,,,,,,,,,,,,,,,,,,,,,,,,,,,,,,,,,,,,,,,,,,,,,
鉛筆,鉛筆,铅笔,,えんぴつ,empitsu,enmpitsu,"NOUN",0,BIAORI-01-02-0004,,鉛,えん,筆,ぴつ,,,,,,,,,,,,,,,,,,,,,,,,,,,,,,,,,,,,,,,,,,,,,,,,,,,,,,,,,,,,,,,,,,,,,,,,,,,,,,,,,,,,,,,,
傘,傘,伞,,かさ,kasa,kasa,"NOUN",1,BIAORI-01-02-0005,,傘,かさ,,,,,,,,,,,,,,,,,,,,,,,,,,,,,,,,,,,,,,,,,,,,,,,,,,,,,,,,,,,,,,,,,,,,,,,,,,,,,,,,,,,,,,,,,,
靴,靴,鞋,,くつ,kutsu,kutsu,"NOUN",2,BIAORI-01-02-0006,,靴,くつ,,,,,,,,,,,,,,,,,,,,,,,,,,,,,,,,,,,,,,,,,,,,,,,,,,,,,,,,,,,,,,,,,,,,,,,,,,,,,,,,,,,,,,,,,,
新聞,新聞,报纸,,しんぶん,shimbun,shinmbun,"NOUN",0,BIAORI-01-02-0007,,新,しん,聞,ぶん,,,,,,,,,,,,,,,,,,,,,,,,,,,,,,,,,,,,,,,,,,,,,,,,,,,,,,,,,,,,,,,,,,,,,,,,,,,,,,,,,,,,,,,,
雑誌,雑誌,杂志,,ざっし,zasshi,zasshi,"NOUN",0,BIAORI-01-02-0008,,雑,ざっ,誌,し,,,,,,,,,,,,,,,,,,,,,,,,,,,,,,,,,,,,,,,,,,,,,,,,,,,,,,,,,,,,,,,,,,,,,,,,,,,,,,,,,,,,,,,,
辞書,辞書,词典,,じしょ,jisho,jisho,"NOUN",1,BIAORI-01-02-0009,,辞,じ,書,しょ,,,,,,,,,,,,,,,,,,,,,,,,,,,,,,,,,,,,,,,,,,,,,,,,,,,,,,,,,,,,,,,,,,,,,,,,,,,,,,,,,,,,,,,,
カメラ,カメラ,照相机,,カメラ,kamera,kamera,"NOUN",1,BIAORI-01-02-0010,WARNING,カメラ,Camera,,,,,,,,,,,,,,,,,,,,,,,,,,,,,,,,,,,,,,,,,,,,,,,,,,,,,,,,,,,,,,,,,,,,,,,,,,,,,,,,,,,,,,,,,,
テレビ,テレビ,电视机,,テレビ,terebi,terebi,"NOUN",1,BIAORI-01-02-0011,WARNING,テレビ,televi<ins>sion</ins>,,,,,,,,,,,,,,,,,,,,,,,,,,,,,,,,,,,,,,,,,,,,,,,,,,,,,,,,,,,,,,,,,,,,,,,,,,,,,,,,,,,,,,,,,,
パソコン,パソコン,个人电脑,,パソコン,pasokon,pasokonn,"NOUN",0,BIAORI-01-02-0012,WARNING,パソコン,perso<ins>nal</ins> com<ins>puter</ins>,,,,,,,,,,,,,,,,,,,,,,,,,,,,,,,,,,,,,,,,,,,,,,,,,,,,,,,,,,,,,,,,,,,,,,,,,,,,,,,,,,,,,,,,,,
ラジオ,ラジオ,收音机,,ラジオ,rajio,rajio,"NOUN",1,BIAORI-01-02-0013,WARNING,ラジオ,radio,,,,,,,,,,,,,,,,,,,,,,,,,,,,,,,,,,,,,,,,,,,,,,,,,,,,,,,,,,,,,,,,,,,,,,,,,,,,,,,,,,,,,,,,,,
電話,電話,电话,,でんわ,denwa,dennwa,"NOUN",0,BIAORI-01-02-0014,,電,でん,話,わ,,,,,,,,,,,,,,,,,,,,,,,,,,,,,,,,,,,,,,,,,,,,,,,,,,,,,,,,,,,,,,,,,,,,,,,,,,,,,,,,,,,,,,,,
机,机,桌子，书桌,,つくえ,tsukue,tsukue,"NOUN",0,BIAORI-01-02-0015,,机,つくえ,,,,,,,,,,,,,,,,,,,,,,,,,,,,,,,,,,,,,,,,,,,,,,,,,,,,,,,,,,,,,,,,,,,,,,,,,,,,,,,,,,,,,,,,,,
いす,いす,椅子,,いす,isu,isu,"NOUN",0,BIAORI-01-02-0016,,いす,,,,,,,,,,,,,,,,,,,,,,,,,,,,,,,,,,,,,,,,,,,,,,,,,,,,,,,,,,,,,,,,,,,,,,,,,,,,,,,,,,,,,,,,,,,
かぎ,かぎ,钥匙，锁,,かぎ,kagi,kagi,"NOUN",2,BIAORI-01-02-0017,,かぎ,,,,,,,,,,,,,,,,,,,,,,,,,,,,,,,,,,,,,,,,,,,,,,,,,,,,,,,,,,,,,,,,,,,,,,,,,,,,,,,,,,,,,,,,,,,
時計,時計,钟，表,,とけい,tokei,tokei,"NOUN",0,BIAORI-01-02-0018,,時,と,計,けい,,,,,,,,,,,,,,,,,,,,,,,,,,,,,,,,,,,,,,,,,,,,,,,,,,,,,,,,,,,,,,,,,,,,,,,,,,,,,,,,,,,,,,,,
手帳,手帳,记事本,,てちょう,techō,techou,"NOUN",0,BIAORI-01-02-0019,,手,て,帳,ちょう,,,,,,,,,,,,,,,,,,,,,,,,,,,,,,,,,,,,,,,,,,,,,,,,,,,,,,,,,,,,,,,,,,,,,,,,,,,,,,,,,,,,,,,,
写真,写真,照片,,しゃしん,shashin,shashinn,"NOUN",0,BIAORI-01-02-0020,,写,しゃ,真,しん,,,,,,,,,,,,,,,,,,,,,,,,,,,,,,,,,,,,,,,,,,,,,,,,,,,,,,,,,,,,,,,,,,,,,,,,,,,,,,,,,,,,,,,,
車,車,车,,くるま,kuruma,kuruma,"NOUN",0,BIAORI-01-02-0021,,車,くるま,,,,,,,,,,,,,,,,,,,,,,,,,,,,,,,,,,,,,,,,,,,,,,,,,,,,,,,,,,,,,,,,,,,,,,,,,,,,,,,,,,,,,,,,,,
自転車,自転車,自行车,,じてんしゃ,jitensha,jitennsha,"NOUN",0,BIAORI-01-02-0022,,自,じ,転,てん,車,しゃ,,,,,,,,,,,,,,,,,,,,,,,,,,,,,,,,,,,,,,,,,,,,,,,,,,,,,,,,,,,,,,,,,,,,,,,,,,,,,,,,,,,,,,
お土産,お土産,礼物,,おみやげ,omiyage,omiyage,"NOUN",0,BIAORI-01-02-0023,,お,土産,みやげ,,,,,,,,,,,,,,,,,,,,,,,,,,,,,,,,,,,,,,,,,,,,,,,,,,,,,,,,,,,,,,,,,,,,,,,,,,,,,,,,,,,,,,,,,
名産品,名産品,特产，名产,,めいさんひん,meisanhin,meisannhin,"NOUN",0,BIAORI-01-02-0024,,名,めい,産,さん,品,ひん,,,,,,,,,,,,,,,,,,,,,,,,,,,,,,,,,,,,,,,,,,,,,,,,,,,,,,,,,,,,,,,,,,,,,,,,,,,,,,,,,,,,,,
シルク,シルク,丝绸,,シルク,shiruku,shiruku,"NOUN",1,BIAORI-01-02-0025,WARNING,シルク,silk,,,,,,,,,,,,,,,,,,,,,,,,,,,,,,,,,,,,,,,,,,,,,,,,,,,,,,,,,,,,,,,,,,,,,,,,,,,,,,,,,,,,,,,,,,
ハンカチ,ハンカチ,手绢,,ハンカチ,hankachi,hannkachi,"NOUN",0,BIAORI-01-02-0026,WARNING,ハンカチ,handkerchief,,,,,,,,,,,,,,,,,,,,,,,,,,,,,,,,,,,,,,,,,,,,,,,,,,,,,,,,,,,,,,,,,,,,,,,,,,,,,,,,,,,,,,,,,,
会社,会社,公司,,かいしゃ,kaisha,kaisha,"NOUN",0,BIAORI-01-02-0027,,会,かい,社,しゃ,,,,,,,,,,,,,,,,,,,,,,,,,,,,,,,,,,,,,,,,,,,,,,,,,,,,,,,,,,,,,,,,,,,,,,,,,,,,,,,,,,,,,,,,
方,方,（敬称）位，人,,かた,kata,kata,"NOUN",2,BIAORI-01-02-0028,,方,かた,,,,,,,,,,,,,,,,,,,,,,,,,,,,,,,,,,,,,,,,,,,,,,,,,,,,,,,,,,,,,,,,,,,,,,,,,,,,,,,,,,,,,,,,,,
人,人-2,人,,ひと,hito,hito,"NOUN",0,BIAORI-01-02-0029,,人,ひと,,,,,,,,,,,,,,,,,,,,,,,,,,,,,,,,,,,,,,,,,,,,,,,,,,,,,,,,,,,,,,,,,,,,,,,,,,,,,,,,,,,,,,,,,,
家族,家族,家人，家属,,かぞく,kazoku,kazoku,"NOUN",1,BIAORI-01-02-0030,,家,か,族,ぞく,,,,,,,,,,,,,,,,,,,,,,,,,,,,,,,,,,,,,,,,,,,,,,,,,,,,,,,,,,,,,,,,,,,,,,,,,,,,,,,,,,,,,,,,
母,母,（我）母亲,謙譲語，自谦语,はは,haha,haha,"NOUN",1,BIAORI-01-02-0031,,母,はは,,,,,,,,,,,,,,,,,,,,,,,,,,,,,,,,,,,,,,,,,,,,,,,,,,,,,,,,,,,,,,,,,,,,,,,,,,,,,,,,,,,,,,,,,,
お母さん,お母さん,母亲,丁寧語，礼貌语,おかあさん,okāsan,okaasann,"NOUN",2,BIAORI-01-02-0032,,お,母,かあ,さん,,,,,,,,,,,,,,,,,,,,,,,,,,,,,,,,,,,,,,,,,,,,,,,,,,,,,,,,,,,,,,,,,,,,,,,,,,,,,,,,,,,,,,,,
日本語,日本語,日语,,にほんご,nihongo,nihonngo,"NOUN",0,BIAORI-01-02-0033,,日,に,本,ほん,語,ご,,,,,,,,,,,,,,,,,,,,,,,,,,,,,,,,,,,,,,,,,,,,,,,,,,,,,,,,,,,,,,,,,,,,,,,,,,,,,,,,,,,,,,
中国語,中国語,汉语，中文,,ちゅうごくご,chūgokugo,chuugokugo,"NOUN",0,BIAORI-01-02-0034,,中,ちゅう,国,ごく,語,ご,,,,,,,,,,,,,,,,,,,,,,,,,,,,,,,,,,,,,,,,,,,,,,,,,,,,,,,,,,,,,,,,,,,,,,,,,,,,,,,,,,,,,,
これ,これ,这，这个,代名词，近称,これ,kore,kore,"PRON",0,BIAORI-01-02-0035,,これ,,,,,,,,,,,,,,,,,,,,,,,,,,,,,,,,,,,,,,,,,,,,,,,,,,,,,,,,,,,,,,,,,,,,,,,,,,,,,,,,,,,,,,,,,,,
それ,それ,那，那个,代名词，中称,それ,sore,sore,"PRON",0,BIAORI-01-02-0036,,それ,,,,,,,,,,,,,,,,,,,,,,,,,,,,,,,,,,,,,,,,,,,,,,,,,,,,,,,,,,,,,,,,,,,,,,,,,,,,,,,,,,,,,,,,,,,
あれ,あれ,那，那个,代名词，远称,あれ,are,are,"PRON",0,BIAORI-01-02-0037,,あれ,,,,,,,,,,,,,,,,,,,,,,,,,,,,,,,,,,,,,,,,,,,,,,,,,,,,,,,,,,,,,,,,,,,,,,,,,,,,,,,,,,,,,,,,,,,
どれ,どれ,哪个,代名词，疑问词,どれ,dore,dore,"PRON",1,BIAORI-01-02-0038,,どれ,,,,,,,,,,,,,,,,,,,,,,,,,,,,,,,,,,,,,,,,,,,,,,,,,,,,,,,,,,,,,,,,,,,,,,,,,,,,,,,,,,,,,,,,,,,
何,何,什么,何（なん）,なん,nan,nann,"PRON",1,BIAORI-01-02-0039,,何,なん,,,,,,,,,,,,,,,,,,,,,,,,,,,,,,,,,,,,,,,,,,,,,,,,,,,,,,,,,,,,,,,,,,,,,,,,,,,,,,,,,,,,,,,,,,
だれ,だれ,谁,誰（だれ）,だれ,dare,dare,"PRON",1,BIAORI-01-02-0040,,だれ,,,,,,,,,,,,,,,,,,,,,,,,,,,,,,,,,,,,,,,,,,,,,,,,,,,,,,,,,,,,,,,,,,,,,,,,,,,,,,,,,,,,,,,,,,,
どなた,どなた,哪位,何方（どなた）,どなた,donata,donata,"PRON",1,BIAORI-01-02-0041,,どなた,,,,,,,,,,,,,,,,,,,,,,,,,,,,,,,,,,,,,,,,,,,,,,,,,,,,,,,,,,,,,,,,,,,,,,,,,,,,,,,,,,,,,,,,,,,
この,この,这，这个,连体词，近称,この,kono,kono,"RENTAISHI",0,BIAORI-01-02-0042,,この,,,,,,,,,,,,,,,,,,,,,,,,,,,,,,,,,,,,,,,,,,,,,,,,,,,,,,,,,,,,,,,,,,,,,,,,,,,,,,,,,,,,,,,,,,,
その,その,那，那个,连体词，中称,その,sono,sono,"RENTAISHI",0,BIAORI-01-02-0043,,その,,,,,,,,,,,,,,,,,,,,,,,,,,,,,,,,,,,,,,,,,,,,,,,,,,,,,,,,,,,,,,,,,,,,,,,,,,,,,,,,,,,,,,,,,,,
あの,あの,那，那个,连体词，远称,あの,ano,ano,"RENTAISHI",0,BIAORI-01-02-0044,,あの,,,,,,,,,,,,,,,,,,,,,,,,,,,,,,,,,,,,,,,,,,,,,,,,,,,,,,,,,,,,,,,,,,,,,,,,,,,,,,,,,,,,,,,,,,,
どの,どの,哪个,连体词，疑问词,どの,dono,dono,"RENTAISHI",1,BIAORI-01-02-0045,,どの,,,,,,,,,,,,,,,,,,,,,,,,,,,,,,,,,,,,,,,,,,,,,,,,,,,,,,,,,,,,,,,,,,,,,,,,,,,,,,,,,,,,,,,,,,,
えっ,えっ,啊,えっ,えっ,etsu,etsu,"INTERJ",null,BIAORI-01-02-0046,,えっ,,,,,,,,,,,,,,,,,,,,,,,,,,,,,,,,,,,,,,,,,,,,,,,,,,,,,,,,,,,,,,,,,,,,,,,,,,,,,,,,,,,,,,,,,,,
わあ,わあ,哇,わあ,わあ,waa,waa,"INTERJ",1,BIAORI-01-02-0047,,わあ,,,,,,,,,,,,,,,,,,,,,,,,,,,,,,,,,,,,,,,,,,,,,,,,,,,,,,,,,,,,,,,,,,,,,,,,,,,,,,,,,,,,,,,,,,,
ええ,ええ,（应答）嗯，是,ええ,ええ,ē,ee,"INTERJ",1,BIAORI-01-02-0048,,ええ,,,,,,,,,,,,,,,,,,,,,,,,,,,,,,,,,,,,,,,,,,,,,,,,,,,,,,,,,,,,,,,,,,,,,,,,,,,,,,,,,,,,,,,,,,,
長島,長島,长岛,,ながしま,nagashima,nagashima,"PROPER",0,BIAORI-01-02-0049,,長,なが,島,しま,,,,,,,,,,,,,,,,,,,,,,,,,,,,,,,,,,,,,,,,,,,,,,,,,,,,,,,,,,,,,,,,,,,,,,,,,,,,,,,,,,,,,,,,
日本,日本,日本,,にほん,nippon,nihonn,"PROPER",2,BIAORI-01-02-0050,,日,に,本,ほん,,,,,,,,,,,,,,,,,,,,,,,,,,,,,,,,,,,,,,,,,,,,,,,,,,,,,,,,,,,,,,,,,,,,,,,,,,,,,,,,,,,,,,,,
スワトウ,スワトウ,汕头,,スワトウ,suwatou,suwatou,"PROPER",2,BIAORI-01-02-0051,WARNING,スワトウ,汕頭,,,,,,,,,,,,,,,,,,,,,,,,,,,,,,,,,,,,,,,,,,,,,,,,,,,,,,,,,,,,,,,,,,,,,,,,,,,,,,,,,,,,,,,,,,
ロンドン,ロンドン,伦敦,,ロンドン,rondon,ronndon,"PROPER",1,BIAORI-01-02-0052,WARNING,ロンドン,London,,,,,,,,,,,,,,,,,,,,,,,,,,,,,,,,,,,,,,,,,,,,,,,,,,,,,,,,,,,,,,,,,,,,,,,,,,,,,,,,,,,,,,,,,,
ありがとうございます,ありがとうございます,谢谢,ありがとうございます,ありがとうございます,arigatōgozaimasu,arigatougozaimasu,"IDIOM",[2|9],BIAORI-01-02-0053,,ありがとうございます,,,,,,,,,,,,,,,,,,,,,,,,,,,,,,,,,,,,,,,,,,,,,,,,,,,,,,,,,,,,,,,,,,,,,,,,,,,,,,,,,,,,,,,,,,,
おいくつ,おいくつ,多大,おいくつ,おいくつ,oikutsu,oikutsu,"IDIOM",0,BIAORI-01-02-0054,,おいくつ,,,,,,,,,,,,,,,,,,,,,,,,,,,,,,,,,,,,,,,,,,,,,,,,,,,,,,,,,,,,,,,,,,,,,,,,,,,,,,,,,,,,,,,,,,,
何,何-BIAORI-2,（何~）,何~,なん,nan,nann,"IDIOM",null,BIAORI-01-02-0055,,何,なん,,,,,,,,,,,,,,,,,,,,,,,,,,,,,,,,,,,,,,,,,,,,,,,,,,,,,,,,,,,,,,,,,,,,,,,,,,,,,,,,,,,,,,,,,,
歳,歳,（~岁）,~岁,さい,toshi,sai,"IDIOM",null,BIAORI-01-02-0056,,歳,さい,,,,,,,,,,,,,,,,,,,,,,,,,,,,,,,,,,,,,,,,,,,,,,,,,,,,,,,,,,,,,,,,,,,,,,,,,,,,,,,,,,,,,,,,,,
デパート,デパート,百货商店,,デパート,depāto,depa-to,"NOUN",2,BIAORI-01-03-0001,WARNING,デパート,depart<ins>ment store</ins>,,,,,,,,,,,,,,,,,,,,,,,,,,,,,,,,,,,,,,,,,,,,,,,,,,,,,,,,,,,,,,,,,,,,,,,,,,,,,,,,,,,,,,,,,,
食堂,食堂,食堂,,しょくどう,shokudō,shokudou,"NOUN",0,BIAORI-01-03-0002,,食,しょく,堂,どう,,,,,,,,,,,,,,,,,,,,,,,,,,,,,,,,,,,,,,,,,,,,,,,,,,,,,,,,,,,,,,,,,,,,,,,,,,,,,,,,,,,,,,,,
郵便局,郵便局,邮局,,ゆうびんきょく,yūbinkyoku,yuubinnkyoku,"NOUN",3,BIAORI-01-03-0003,,郵,ゆう,便,びん,局,きょく,,,,,,,,,,,,,,,,,,,,,,,,,,,,,,,,,,,,,,,,,,,,,,,,,,,,,,,,,,,,,,,,,,,,,,,,,,,,,,,,,,,,,,
銀行,銀行,银行,,ぎんこう,ginkō,ginnkou,"NOUN",0,BIAORI-01-03-0004,,銀,ぎん,行,こう,,,,,,,,,,,,,,,,,,,,,,,,,,,,,,,,,,,,,,,,,,,,,,,,,,,,,,,,,,,,,,,,,,,,,,,,,,,,,,,,,,,,,,,,
図書館,図書館,图书馆,,としょかん,toshokan,toshokann,"NOUN",2,BIAORI-01-03-0005,,図,と,書,しょ,館,かん,,,,,,,,,,,,,,,,,,,,,,,,,,,,,,,,,,,,,,,,,,,,,,,,,,,,,,,,,,,,,,,,,,,,,,,,,,,,,,,,,,,,,,
マンション,マンション,（高级）公寓,,マンション,manshon,mannshon,"NOUN",1,BIAORI-01-03-0006,WARNING,マンション,mansion,,,,,,,,,,,,,,,,,,,,,,,,,,,,,,,,,,,,,,,,,,,,,,,,,,,,,,,,,,,,,,,,,,,,,,,,,,,,,,,,,,,,,,,,,,
ホテル,ホテル,宾馆,,ホテル,hoteru,hoteru,"NOUN",1,BIAORI-01-03-0007,WARNING,ホテル,hotel,,,,,,,,,,,,,,,,,,,,,,,,,,,,,,,,,,,,,,,,,,,,,,,,,,,,,,,,,,,,,,,,,,,,,,,,,,,,,,,,,,,,,,,,,,
コンビニ,コンビニ,便利店,,コンビニ,kombini,konmbini,"NOUN",0,BIAORI-01-03-0008,WARNING,コンビニ,conveni<ins>ence store</ins>,,,,,,,,,,,,,,,,,,,,,,,,,,,,,,,,,,,,,,,,,,,,,,,,,,,,,,,,,,,,,,,,,,,,,,,,,,,,,,,,,,,,,,,,,,
喫茶店,喫茶店,咖啡馆,,きっさてん,kissaten,kissatenn,"NOUN",0,BIAORI-01-03-0009,,喫,きっ,茶,さ,店,てん,,,,,,,,,,,,,,,,,,,,,,,,,,,,,,,,,,,,,,,,,,,,,,,,,,,,,,,,,,,,,,,,,,,,,,,,,,,,,,,,,,,,,,
病院,病院,医院,,びょういん,byōin,byouinn,"NOUN",0,BIAORI-01-03-0010,,病,びょう,院,いん,,,,,,,,,,,,,,,,,,,,,,,,,,,,,,,,,,,,,,,,,,,,,,,,,,,,,,,,,,,,,,,,,,,,,,,,,,,,,,,,,,,,,,,,
本屋,本屋,书店,,ほんや,hon'ya,honnya,"NOUN",1,BIAORI-01-03-0011,,本,ほん,屋,や,,,,,,,,,,,,,,,,,,,,,,,,,,,,,,,,,,,,,,,,,,,,,,,,,,,,,,,,,,,,,,,,,,,,,,,,,,,,,,,,,,,,,,,,
レストラン,レストラン,餐馆，西餐馆,,レストラン,resutoran,resutorann,"NOUN",1,BIAORI-01-03-0012,WARNING,レストラン,Restaurant,,,,,,,,,,,,,,,,,,,,,,,,,,,,,,,,,,,,,,,,,,,,,,,,,,,,,,,,,,,,,,,,,,,,,,,,,,,,,,,,,,,,,,,,,,
ビル,ビル,大楼，大厦,,ビル,biru,biru,"NOUN",1,BIAORI-01-03-0013,WARNING,ビル,buil<ins>ding</ins>,,,,,,,,,,,,,,,,,,,,,,,,,,,,,,,,,,,,,,,,,,,,,,,,,,,,,,,,,,,,,,,,,,,,,,,,,,,,,,,,,,,,,,,,,,
建物,建物,大楼，建筑物,,たてもの,tatemono,tatemono,"NOUN",2,BIAORI-01-03-0014,,建,たて,物,もの,,,,,,,,,,,,,,,,,,,,,,,,,,,,,,,,,,,,,,,,,,,,,,,,,,,,,,,,,,,,,,,,,,,,,,,,,,,,,,,,,,,,,,,,
売り場,売り場,柜台，出售处,,うりば,uriba,uriba,"NOUN",0,BIAORI-01-03-0015,,売,う,り,場,ば,,,,,,,,,,,,,,,,,,,,,,,,,,,,,,,,,,,,,,,,,,,,,,,,,,,,,,,,,,,,,,,,,,,,,,,,,,,,,,,,,,,,,,,
トイレ,トイレ,厕所，盥洗室,,トイレ,toire,toire,"NOUN",1,BIAORI-01-03-0016,WARNING,トイレ,toilet,,,,,,,,,,,,,,,,,,,,,,,,,,,,,,,,,,,,,,,,,,,,,,,,,,,,,,,,,,,,,,,,,,,,,,,,,,,,,,,,,,,,,,,,,,
入り口,入り口,入口,,いりぐち,irikuchi,iriguchi,"NOUN",0,BIAORI-01-03-0017,,入,い,り,口,ぐち,,,,,,,,,,,,,,,,,,,,,,,,,,,,,,,,,,,,,,,,,,,,,,,,,,,,,,,,,,,,,,,,,,,,,,,,,,,,,,,,,,,,,,,
事務所,事務所,事务所，办事处,,じむしょ,jimusho,jimusho,"NOUN",2,BIAORI-01-03-0018,,事,じ,務,む,所,しょ,,,,,,,,,,,,,,,,,,,,,,,,,,,,,,,,,,,,,,,,,,,,,,,,,,,,,,,,,,,,,,,,,,,,,,,,,,,,,,,,,,,,,,
受付,受付,接待处,,うけつけ,uketsuke,uketsuke,"NOUN",0,BIAORI-01-03-0019,,受,うけ,付,つけ,,,,,,,,,,,,,,,,,,,,,,,,,,,,,,,,,,,,,,,,,,,,,,,,,,,,,,,,,,,,,,,,,,,,,,,,,,,,,,,,,,,,,,,,
バーゲン会場,バーゲン会場,降价处理大卖场,,バーゲンかいじょう,bāgenkaijō,ba-gennkaijou,"NOUN",5,BIAORI-01-03-0020,,バーゲン,会,かい,場,じょう,,,,,,,,,,,,,,,,,,,,,,,,,,,,,,,,,,,,,,,,,,,,,,,,,,,,,,,,,,,,,,,,,,,,,,,,,,,,,,,,,,,,,,,
エスカレーター,エスカレーター,自动扶梯,,エスカレーター,esukarētā,esukare-tā,"NOUN",4,BIAORI-01-03-0021,,エスカレーター,,,,,,,,,,,,,,,,,,,,,,,,,,,,,,,,,,,,,,,,,,,,,,,,,,,,,,,,,,,,,,,,,,,,,,,,,,,,,,,,,,,,,,,,,,,
服,服,衣服,,ふく,fuku,fuku,"NOUN",2,BIAORI-01-03-0022,,服,ふく,,,,,,,,,,,,,,,,,,,,,,,,,,,,,,,,,,,,,,,,,,,,,,,,,,,,,,,,,,,,,,,,,,,,,,,,,,,,,,,,,,,,,,,,,,
コート,コート,风衣，大衣,,コート,kōto,ko-to,"NOUN",1,BIAORI-01-03-0023,WARNING,コート,coat,,,,,,,,,,,,,,,,,,,,,,,,,,,,,,,,,,,,,,,,,,,,,,,,,,,,,,,,,,,,,,,,,,,,,,,,,,,,,,,,,,,,,,,,,,
デジカメ,デジカメ,数码相机,,デジカメ,dejikame,dejikame,"NOUN",0,BIAORI-01-03-0024,WARNING,デジカメ,digi<ins>tal</ins> came<ins>ra</ins>,,,,,,,,,,,,,,,,,,,,,,,,,,,,,,,,,,,,,,,,,,,,,,,,,,,,,,,,,,,,,,,,,,,,,,,,,,,,,,,,,,,,,,,,,,
国,国,国，国家,,くに,kuni,kuni,"NOUN",2,BIAORI-01-03-0025,,国,くに,,,,,,,,,,,,,,,,,,,,,,,,,,,,,,,,,,,,,,,,,,,,,,,,,,,,,,,,,,,,,,,,,,,,,,,,,,,,,,,,,,,,,,,,,,
地図,地図,地图,,ちず,chizu,chizu,"NOUN",1,BIAORI-01-03-0026,,地,ち,図,ず,,,,,,,,,,,,,,,,,,,,,,,,,,,,,,,,,,,,,,,,,,,,,,,,,,,,,,,,,,,,,,,,,,,,,,,,,,,,,,,,,,,,,,,,
隣,隣,旁边,,となり,tonari,tonari,"NOUN",0,BIAORI-01-03-0027,,隣,となり,,,,,,,,,,,,,,,,,,,,,,,,,,,,,,,,,,,,,,,,,,,,,,,,,,,,,,,,,,,,,,,,,,,,,,,,,,,,,,,,,,,,,,,,,,
周辺,周辺,附近，周边,,しゅうへん,shūhen,shuuhenn,"NOUN",0,BIAORI-01-03-0028,,周,しゅう,辺,へん,,,,,,,,,,,,,,,,,,,,,,,,,,,,,,,,,,,,,,,,,,,,,,,,,,,,,,,,,,,,,,,,,,,,,,,,,,,,,,,,,,,,,,,,
今日,今日,今天,,きょう,kyō,kyou,"NOUN",1,BIAORI-01-03-0029,,今日,きょう,,,,,,,,,,,,,,,,,,,,,,,,,,,,,,,,,,,,,,,,,,,,,,,,,,,,,,,,,,,,,,,,,,,,,,,,,,,,,,,,,,,,,,,,,,
水曜日,水曜日,星期三,,すいようび,suiyōbi,suiyoubi,"NOUN",3,BIAORI-01-03-0030,,水,すい,曜,よう,日,び,,,,,,,,,,,,,,,,,,,,,,,,,,,,,,,,,,,,,,,,,,,,,,,,,,,,,,,,,,,,,,,,,,,,,,,,,,,,,,,,,,,,,,
木曜日,木曜日,星期四,,もくようび,mokuyōbi,mokuyoubi,"NOUN",3,BIAORI-01-03-0031,,木,もく,曜,よう,日,び,,,,,,,,,,,,,,,,,,,,,,,,,,,,,,,,,,,,,,,,,,,,,,,,,,,,,,,,,,,,,,,,,,,,,,,,,,,,,,,,,,,,,,
ここ,ここ,这里，这儿,,ここ,koko,koko,"PRON",0,BIAORI-01-03-0032,,ここ,,,,,,,,,,,,,,,,,,,,,,,,,,,,,,,,,,,,,,,,,,,,,,,,,,,,,,,,,,,,,,,,,,,,,,,,,,,,,,,,,,,,,,,,,,,
そこ,そこ,那里，那儿,,そこ,soko,soko,"PRON",0,BIAORI-01-03-0033,,そこ,,,,,,,,,,,,,,,,,,,,,,,,,,,,,,,,,,,,,,,,,,,,,,,,,,,,,,,,,,,,,,,,,,,,,,,,,,,,,,,,,,,,,,,,,,,
あそこ,あそこ,那里，那儿,,あそこ,asoko,asoko,"PRON",0,BIAORI-01-03-0034,,あそこ,,,,,,,,,,,,,,,,,,,,,,,,,,,,,,,,,,,,,,,,,,,,,,,,,,,,,,,,,,,,,,,,,,,,,,,,,,,,,,,,,,,,,,,,,,,
こちら,こちら,这儿，这边,,こちら,kochira,kochira,"PRON",0,BIAORI-01-03-0035,,こちら,,,,,,,,,,,,,,,,,,,,,,,,,,,,,,,,,,,,,,,,,,,,,,,,,,,,,,,,,,,,,,,,,,,,,,,,,,,,,,,,,,,,,,,,,,,
そちら,そちら,那儿，那边,,そちら,sochira,sochira,"PRON",0,BIAORI-01-03-0036,,そちら,,,,,,,,,,,,,,,,,,,,,,,,,,,,,,,,,,,,,,,,,,,,,,,,,,,,,,,,,,,,,,,,,,,,,,,,,,,,,,,,,,,,,,,,,,,
あちら,あちら,那儿，那边,,あちら,achira,achira,"PRON",0,BIAORI-01-03-0037,,あちら,,,,,,,,,,,,,,,,,,,,,,,,,,,,,,,,,,,,,,,,,,,,,,,,,,,,,,,,,,,,,,,,,,,,,,,,,,,,,,,,,,,,,,,,,,,
どこ,どこ,哪里，哪儿,,どこ,doko,doko,"PRON",1,BIAORI-01-03-0038,,どこ,,,,,,,,,,,,,,,,,,,,,,,,,,,,,,,,,,,,,,,,,,,,,,,,,,,,,,,,,,,,,,,,,,,,,,,,,,,,,,,,,,,,,,,,,,,
どちら,どちら,哪儿，哪边,,どちら,dochira,dochira,"PRON",1,BIAORI-01-03-0039,,どちら,,,,,,,,,,,,,,,,,,,,,,,,,,,,,,,,,,,,,,,,,,,,,,,,,,,,,,,,,,,,,,,,,,,,,,,,,,,,,,,,,,,,,,,,,,,
あのう,あのう,请问，对不起,,あのう,anou,anou,"INTERJ",0,BIAORI-01-03-0040,,あのう,,,,,,,,,,,,,,,,,,,,,,,,,,,,,,,,,,,,,,,,,,,,,,,,,,,,,,,,,,,,,,,,,,,,,,,,,,,,,,,,,,,,,,,,,,,
上海,上海,上海,,シャンハイ,shanhai,shannhai,"PROPER",1,BIAORI-01-03-0041,,上,シャン,海,ハイ,,,,,,,,,,,,,,,,,,,,,,,,,,,,,,,,,,,,,,,,,,,,,,,,,,,,,,,,,,,,,,,,,,,,,,,,,,,,,,,,,,,,,,,,
東京,東京,东京,,とうきょう,tōkyō,toukyou,"PROPER",0,BIAORI-01-03-0042,,東,とう,京,きょう,,,,,,,,,,,,,,,,,,,,,,,,,,,,,,,,,,,,,,,,,,,,,,,,,,,,,,,,,,,,,,,,,,,,,,,,,,,,,,,,,,,,,,,,
いくら,いくら,多少钱,,いくら,ikura,ikura,["NOUN"|"ADV"],1,BIAORI-01-03-0043,,いくら,,,,,,,,,,,,,,,,,,,,,,,,,,,,,,,,,,,,,,,,,,,,,,,,,,,,,,,,,,,,,,,,,,,,,,,,,,,,,,,,,,,,,,,,,,,
お,御-3,（御~）,（お～）,お,o,o,"IDIOM",null,BIAORI-01-03-0044,,お,,,,,,,,,,,,,,,,,,,,,,,,,,,,,,,,,,,,,,,,,,,,,,,,,,,,,,,,,,,,,,,,,,,,,,,,,,,,,,,,,,,,,,,,,,,
階,階,（~层）,（～階）,かい,kai,kai,"IDIOM",null,BIAORI-01-03-0045,,階,かい,,,,,,,,,,,,,,,,,,,,,,,,,,,,,,,,,,,,,,,,,,,,,,,,,,,,,,,,,,,,,,,,,,,,,,,,,,,,,,,,,,,,,,,,,,
円,円,（~日元）,（～円）,えん,en,enn,"IDIOM",null,BIAORI-01-03-0046,,円,えん,,,,,,,,,,,,,,,,,,,,,,,,,,,,,,,,,,,,,,,,,,,,,,,,,,,,,,,,,,,,,,,,,,,,,,,,,,,,,,,,,,,,,,,,,,
曜日,曜日,（~曜日）,（～曜日）,ようび,yōbi,youbi,"IDIOM",null,BIAORI-01-03-0047,,曜,よう,日,び,,,,,,,,,,,,,,,,,,,,,,,,,,,,,,,,,,,,,,,,,,,,,,,,,,,,,,,,,,,,,,,,,,,,,,,,,,,,,,,,,,,,,,,,
部屋,部屋,房间，屋子,,へや,heya,heya,"NOUN",2,BIAORI-01-04-0001,,部,へ,屋,や,,,,,,,,,,,,,,,,,,,,,,,,,,,,,,,,,,,,,,,,,,,,,,,,,,,,,,,,,,,,,,,,,,,,,,,,,,,,,,,,,,,,,,,,
庭,庭,院子,,にわ,niwa,niwa,"NOUN",0,BIAORI-01-04-0002,,庭,にわ,,,,,,,,,,,,,,,,,,,,,,,,,,,,,,,,,,,,,,,,,,,,,,,,,,,,,,,,,,,,,,,,,,,,,,,,,,,,,,,,,,,,,,,,,,
家,家,家人，家属,,いえ,ie,ie,"NOUN",2,BIAORI-01-04-0003,,家,いえ,,,,,,,,,,,,,,,,,,,,,,,,,,,,,,,,,,,,,,,,,,,,,,,,,,,,,,,,,,,,,,,,,,,,,,,,,,,,,,,,,,,,,,,,,,
居間,居間,起居室,,いま,ima,ima,"NOUN",2,BIAORI-01-04-0004,,居,い,間,ま,,,,,,,,,,,,,,,,,,,,,,,,,,,,,,,,,,,,,,,,,,,,,,,,,,,,,,,,,,,,,,,,,,,,,,,,,,,,,,,,,,,,,,,,
冷蔵庫,冷蔵庫,冰箱,,れいぞうこ,reizōko,reizouko,"NOUN",3,BIAORI-01-04-0005,,冷,れい,蔵,ぞう,庫,こ,,,,,,,,,,,,,,,,,,,,,,,,,,,,,,,,,,,,,,,,,,,,,,,,,,,,,,,,,,,,,,,,,,,,,,,,,,,,,,,,,,,,,,
壁,壁,墙壁,,かべ,kabe,kabe,"NOUN",0,BIAORI-01-04-0006,,壁,かべ,,,,,,,,,,,,,,,,,,,,,,,,,,,,,,,,,,,,,,,,,,,,,,,,,,,,,,,,,,,,,,,,,,,,,,,,,,,,,,,,,,,,,,,,,,
スイッチ,スイッチ,开关,,スイッチ,suitchi,suitchi,"NOUN",2,BIAORI-01-04-0007,,スイッチ,,,,,,,,,,,,,,,,,,,,,,,,,,,,,,,,,,,,,,,,,,,,,,,,,,,,,,,,,,,,,,,,,,,,,,,,,,,,,,,,,,,,,,,,,,,
本棚,本棚,书架,,ほんだな,hondana,honndana,"NOUN",1,BIAORI-01-04-0008,,本,ほん,棚,だな,,,,,,,,,,,,,,,,,,,,,,,,,,,,,,,,,,,,,,,,,,,,,,,,,,,,,,,,,,,,,,,,,,,,,,,,,,,,,,,,,,,,,,,,
ベッド,ベッド,床,,ベッド,beddo,beddo,"NOUN",1,BIAORI-01-04-0009,,ベッド,,,,,,,,,,,,,,,,,,,,,,,,,,,,,,,,,,,,,,,,,,,,,,,,,,,,,,,,,,,,,,,,,,,,,,,,,,,,,,,,,,,,,,,,,,,
猫,猫,猫,,ねこ,neko,neko,"NOUN",1,BIAORI-01-04-0010,,猫,ねこ,,,,,,,,,,,,,,,,,,,,,,,,,,,,,,,,,,,,,,,,,,,,,,,,,,,,,,,,,,,,,,,,,,,,,,,,,,,,,,,,,,,,,,,,,,
犬,犬,狗,,いぬ,inu,inu,"NOUN",2,BIAORI-01-04-0011,,犬,いぬ,,,,,,,,,,,,,,,,,,,,,,,,,,,,,,,,,,,,,,,,,,,,,,,,,,,,,,,,,,,,,,,,,,,,,,,,,,,,,,,,,,,,,,,,,,
箱,箱,盒子，箱子,,はこ,hako,hako,"NOUN",0,BIAORI-01-04-0012,,箱,はこ,,,,,,,,,,,,,,,,,,,,,,,,,,,,,,,,,,,,,,,,,,,,,,,,,,,,,,,,,,,,,,,,,,,,,,,,,,,,,,,,,,,,,,,,,,
眼鏡,眼鏡,眼镜,,めがね,megane,megane,"NOUN",1,BIAORI-01-04-0013,,眼,め,鏡,がね,,,,,,,,,,,,,,,,,,,,,,,,,,,,,,,,,,,,,,,,,,,,,,,,,,,,,,,,,,,,,,,,,,,,,,,,,,,,,,,,,,,,,,,,
ビデオ,ビデオ,录像机,,ビデオ,bideo,bideo,"NOUN",1,BIAORI-01-04-0014,WARNING,ビデオ,Video,,,,,,,,,,,,,,,,,,,,,,,,,,,,,,,,,,,,,,,,,,,,,,,,,,,,,,,,,,,,,,,,,,,,,,,,,,,,,,,,,,,,,,,,,,
サッカーボール,サッカーボール,足球,,サッカーボール,sakkābōru,sakka-bōru,"NOUN",5,BIAORI-01-04-0015,WARNING,サッカーボール,soccer ball,,,,,,,,,,,,,,,,,,,,,,,,,,,,,,,,,,,,,,,,,,,,,,,,,,,,,,,,,,,,,,,,,,,,,,,,,,,,,,,,,,,,,,,,,,
ビール,ビール,啤酒,,ビール,bīru,bi-ru,"NOUN",1,BIAORI-01-04-0016,WARNING,ビール,beer,,,,,,,,,,,,,,,,,,,,,,,,,,,,,,,,,,,,,,,,,,,,,,,,,,,,,,,,,,,,,,,,,,,,,,,,,,,,,,,,,,,,,,,,,,
ウイスキー,ウイスキー,威士忌,,ウイスキー,uisukī,uisuki-,"NOUN",3,BIAORI-01-04-0017,WARNING,ウイスキー,whisky,,,,,,,,,,,,,,,,,,,,,,,,,,,,,,,,,,,,,,,,,,,,,,,,,,,,,,,,,,,,,,,,,,,,,,,,,,,,,,,,,,,,,,,,,,
子供,子供,孩子，小孩,,こども,kodomo,kodomo,"NOUN",0,BIAORI-01-04-0018,,子,こ,供,ども,,,,,,,,,,,,,,,,,,,,,,,,,,,,,,,,,,,,,,,,,,,,,,,,,,,,,,,,,,,,,,,,,,,,,,,,,,,,,,,,,,,,,,,,
兄弟,兄弟,兄弟姐妹,,きょうだい,kyōdai,kyoudai,"NOUN",1,BIAORI-01-04-0019,,兄,きょう,弟,だい,,,,,,,,,,,,,,,,,,,,,,,,,,,,,,,,,,,,,,,,,,,,,,,,,,,,,,,,,,,,,,,,,,,,,,,,,,,,,,,,,,,,,,,,
両親,両親,父母，双亲,,りょうしん,ryōshin,ryoushinn,"NOUN",1,BIAORI-01-04-0020,,両,りょう,親,しん,,,,,,,,,,,,,,,,,,,,,,,,,,,,,,,,,,,,,,,,,,,,,,,,,,,,,,,,,,,,,,,,,,,,,,,,,,,,,,,,,,,,,,,,
妹,妹,妹妹,,いもうと,imōto,imouto,"NOUN",4,BIAORI-01-04-0021,,妹,いもうと,,,,,,,,,,,,,,,,,,,,,,,,,,,,,,,,,,,,,,,,,,,,,,,,,,,,,,,,,,,,,,,,,,,,,,,,,,,,,,,,,,,,,,,,,,
男,男,男,,おとこ,otoko,otoko,"NOUN",3,BIAORI-01-04-0022,,男,おとこ,,,,,,,,,,,,,,,,,,,,,,,,,,,,,,,,,,,,,,,,,,,,,,,,,,,,,,,,,,,,,,,,,,,,,,,,,,,,,,,,,,,,,,,,,,
女,女,女,,おんな,onna,onnna,"NOUN",3,BIAORI-01-04-0023,,女,おんな,,,,,,,,,,,,,,,,,,,,,,,,,,,,,,,,,,,,,,,,,,,,,,,,,,,,,,,,,,,,,,,,,,,,,,,,,,,,,,,,,,,,,,,,,,
生徒,生徒,学生,,せいと,seito,seito,"NOUN",1,BIAORI-01-04-0024,,生,せい,徒,と,,,,,,,,,,,,,,,,,,,,,,,,,,,,,,,,,,,,,,,,,,,,,,,,,,,,,,,,,,,,,,,,,,,,,,,,,,,,,,,,,,,,,,,,
上,上,上面,,うえ,ue,ue,"NOUN",0,BIAORI-01-04-0025,,上,うえ,,,,,,,,,,,,,,,,,,,,,,,,,,,,,,,,,,,,,,,,,,,,,,,,,,,,,,,,,,,,,,,,,,,,,,,,,,,,,,,,,,,,,,,,,,
外,外,外面,,そと,soto,soto,"NOUN",1,BIAORI-01-04-0026,,外,そと,,,,,,,,,,,,,,,,,,,,,,,,,,,,,,,,,,,,,,,,,,,,,,,,,,,,,,,,,,,,,,,,,,,,,,,,,,,,,,,,,,,,,,,,,,
中,中,里面，内部，中间,,なか,naka,naka,"NOUN",1,BIAORI-01-04-0027,,中,なか,,,,,,,,,,,,,,,,,,,,,,,,,,,,,,,,,,,,,,,,,,,,,,,,,,,,,,,,,,,,,,,,,,,,,,,,,,,,,,,,,,,,,,,,,,
下,下,下面,,した,shita,shita,"NOUN",0,BIAORI-01-04-0028,,下,した,,,,,,,,,,,,,,,,,,,,,,,,,,,,,,,,,,,,,,,,,,,,,,,,,,,,,,,,,,,,,,,,,,,,,,,,,,,,,,,,,,,,,,,,,,
前,前,前，前面,,まえ,mae,mae,"NOUN",1,BIAORI-01-04-0029,,前,まえ,,,,,,,,,,,,,,,,,,,,,,,,,,,,,,,,,,,,,,,,,,,,,,,,,,,,,,,,,,,,,,,,,,,,,,,,,,,,,,,,,,,,,,,,,,
後ろ,後ろ,后，后面,,うしろ,ushiro,ushiro,"NOUN",0,BIAORI-01-04-0030,,後,うし,ろ,,,,,,,,,,,,,,,,,,,,,,,,,,,,,,,,,,,,,,,,,,,,,,,,,,,,,,,,,,,,,,,,,,,,,,,,,,,,,,,,,,,,,,,,,
近く,近く,附近，近旁,,ちかく,chikaku,chikaku,"NOUN",1,BIAORI-01-04-0031,,近,ちか,く,,,,,,,,,,,,,,,,,,,,,,,,,,,,,,,,,,,,,,,,,,,,,,,,,,,,,,,,,,,,,,,,,,,,,,,,,,,,,,,,,,,,,,,,,
場所,場所,所在地，地方，场所,,ばしょ,basho,basho,"NOUN",0,BIAORI-01-04-0032,,場,ば,所,しょ,,,,,,,,,,,,,,,,,,,,,,,,,,,,,,,,,,,,,,,,,,,,,,,,,,,,,,,,,,,,,,,,,,,,,,,,,,,,,,,,,,,,,,,,
教室,教室,教室,,きょうしつ,kyōshitsu,kyoushitsu,"NOUN",0,BIAORI-01-04-0033,,教,きょう,室,しつ,,,,,,,,,,,,,,,,,,,,,,,,,,,,,,,,,,,,,,,,,,,,,,,,,,,,,,,,,,,,,,,,,,,,,,,,,,,,,,,,,,,,,,,,
会議室,会議室,会议室,,かいぎしつ,kaigishitsu,kaigishitsu,"NOUN",3,BIAORI-01-04-0034,,会,かい,議,ぎ,室,しつ,,,,,,,,,,,,,,,,,,,,,,,,,,,,,,,,,,,,,,,,,,,,,,,,,,,,,,,,,,,,,,,,,,,,,,,,,,,,,,,,,,,,,,
図書室,図書室,图书室,,としょしつ,toshoshitsu,toshoshitsu,"NOUN",2,BIAORI-01-04-0035,,図,と,書,しょ,室,しつ,,,,,,,,,,,,,,,,,,,,,,,,,,,,,,,,,,,,,,,,,,,,,,,,,,,,,,,,,,,,,,,,,,,,,,,,,,,,,,,,,,,,,,
公園,公園,公园,,こうえん,kōen,kouenn,"NOUN",0,BIAORI-01-04-0036,,公,こう,園,えん,,,,,,,,,,,,,,,,,,,,,,,,,,,,,,,,,,,,,,,,,,,,,,,,,,,,,,,,,,,,,,,,,,,,,,,,,,,,,,,,,,,,,,,,
花屋,花屋,花店,,はなや,hanaya,hanaya,"NOUN",2,BIAORI-01-04-0037,,花,はな,屋,や,,,,,,,,,,,,,,,,,,,,,,,,,,,,,,,,,,,,,,,,,,,,,,,,,,,,,,,,,,,,,,,,,,,,,,,,,,,,,,,,,,,,,,,,
売店,売店,小卖部，售货亭,,ばいてん,baiten,baitenn,"NOUN",0,BIAORI-01-04-0038,,売,ばい,店,てん,,,,,,,,,,,,,,,,,,,,,,,,,,,,,,,,,,,,,,,,,,,,,,,,,,,,,,,,,,,,,,,,,,,,,,,,,,,,,,,,,,,,,,,,
駅,駅,车站,,えき,eki,eki,"NOUN",1,BIAORI-01-04-0039,,駅,えき,,,,,,,,,,,,,,,,,,,,,,,,,,,,,,,,,,,,,,,,,,,,,,,,,,,,,,,,,,,,,,,,,,,,,,,,,,,,,,,,,,,,,,,,,,
地下鉄,地下鉄,地铁,,ちかてつ,chikatetsu,chikatetsu,"NOUN",0,BIAORI-01-04-0040,,地,ち,下,か,鉄,てつ,,,,,,,,,,,,,,,,,,,,,,,,,,,,,,,,,,,,,,,,,,,,,,,,,,,,,,,,,,,,,,,,,,,,,,,,,,,,,,,,,,,,,,
木,木,树，树木,,き,ki,ki,"NOUN",1,BIAORI-01-04-0041,,木,き,,,,,,,,,,,,,,,,,,,,,,,,,,,,,,,,,,,,,,,,,,,,,,,,,,,,,,,,,,,,,,,,,,,,,,,,,,,,,,,,,,,,,,,,,,
一人暮らし,一人暮らし,单身生活,,ひとりぐらし,hitorigurashi,hitorigurashi,"NOUN",4,BIAORI-01-04-0042,,一人,ひとり,暮,ぐ,らし,,,,,,,,,,,,,,,,,,,,,,,,,,,,,,,,,,,,,,,,,,,,,,,,,,,,,,,,,,,,,,,,,,,,,,,,,,,,,,,,,,,,,,,
ある,ある,有，在（非意志者）,,ある,aru,aru,["VERB"|"GODAN"],3,BIAORI-01-04-0043,,ある,,,,,,,,,,,,,,,,,,,,,,,,,,,,,,,,,,,,,,,,,,,,,,,,,,,,,,,,,,,,,,,,,,,,,,,,,,,,,,,,,,,,,,,,,,,
いる,いる,有，在（具意志者）,,いる,iru,iru,["VERB"|"KAMIICHIDAN"],2,BIAORI-01-04-0044,,いる,,,,,,,,,,,,,,,,,,,,,,,,,,,,,,,,,,,,,,,,,,,,,,,,,,,,,,,,,,,,,,,,,,,,,,,,,,,,,,,,,,,,,,,,,,,
ええと,ええと,啊，嗯,,ええと,eeto,eeto,"INTERJ",0,BIAORI-01-04-0045,,ええと,,,,,,,,,,,,,,,,,,,,,,,,,,,,,,,,,,,,,,,,,,,,,,,,,,,,,,,,,,,,,,,,,,,,,,,,,,,,,,,,,,,,,,,,,,,
横浜,横浜,横滨,,よこはま,yokohama,yokohama,"PROPER",0,BIAORI-01-04-0046,,横,よこ,浜,はま,,,,,,,,,,,,,,,,,,,,,,,,,,,,,,,,,,,,,,,,,,,,,,,,,,,,,,,,,,,,,,,,,,,,,,,,,,,,,,,,,,,,,,,,
名古屋,名古屋,名古屋,,なごや,nagoya,nagoya,"PROPER",1,BIAORI-01-04-0047,,名,な,古,ご,屋,や,,,,,,,,,,,,,,,,,,,,,,,,,,,,,,,,,,,,,,,,,,,,,,,,,,,,,,,,,,,,,,,,,,,,,,,,,,,,,,,,,,,,,,
大阪,大阪,大阪,,おおさか,ōsaka,oosaka,"PROPER",0,BIAORI-01-04-0048,,大,おお,阪,さか,,,,,,,,,,,,,,,,,,,,,,,,,,,,,,,,,,,,,,,,,,,,,,,,,,,,,,,,,,,,,,,,,,,,,,,,,,,,,,,,,,,,,,,,
JR,JR,JR,Japan Railways，日本国有鉄道（旗下运营新幹線等）,ジェーアール,JR,jr,"PROPER",3,BIAORI-01-04-0049,,J,ジェー,R,アール,,,,,,,,,,,,,,,,,,,,,,,,,,,,,,,,,,,,,,,,,,,,,,,,,,,,,,,,,,,,,,,,,,,,,,,,,,,,,,,,,,,,,,,,
ご,御,（御~）,（ご～）,ご,go,go,"IDIOM",null,BIAORI-01-04-0050,,ご,,,,,,,,,,,,,,,,,,,,,,,,,,,,,,,,,,,,,,,,,,,,,,,,,,,,,,,,,,,,,,,,,,,,,,,,,,,,,,,,,,,,,,,,,,,
今,今,现在,,いま,ima,ima,"NOUN",1,BIAORI-01-05-0001,,今,いま,,,,,,,,,,,,,,,,,,,,,,,,,,,,,,,,,,,,,,,,,,,,,,,,,,,,,,,,,,,,,,,,,,,,,,,,,,,,,,,,,,,,,,,,,,
先週,先週,上个星期,,せんしゅう,senshū,sennshuu,"NOUN",0,BIAORI-01-05-0002,,先,せん,週,しゅう,,,,,,,,,,,,,,,,,,,,,,,,,,,,,,,,,,,,,,,,,,,,,,,,,,,,,,,,,,,,,,,,,,,,,,,,,,,,,,,,,,,,,,,,
来週,来週,下个星期,,らいしゅう,raishū,raishuu,"NOUN",0,BIAORI-01-05-0003,,来,らい,週,しゅう,,,,,,,,,,,,,,,,,,,,,,,,,,,,,,,,,,,,,,,,,,,,,,,,,,,,,,,,,,,,,,,,,,,,,,,,,,,,,,,,,,,,,,,,
さ来週,さ来週,下下个星期,,さらいしゅう,saraishū,saraishuu,"NOUN",0,BIAORI-01-05-0004,,さ,来,らい,週,しゅう,,,,,,,,,,,,,,,,,,,,,,,,,,,再,さ,来,らい,週,しゅう,,,,,,,,,,,,,,,,,,,,,,,,,,,,,,,,,,,,,,,,,,,,,,,,,,,,,,,
今週,今週,这个星期,,こんしゅう,konshū,konnshuu,"NOUN",0,BIAORI-01-05-0005,,今,こん,週,しゅう,,,,,,,,,,,,,,,,,,,,,,,,,,,,,,,,,,,,,,,,,,,,,,,,,,,,,,,,,,,,,,,,,,,,,,,,,,,,,,,,,,,,,,,,
昨日,昨日,昨天,,きのう,kinō,kinou,"NOUN",0,BIAORI-01-05-0006,,昨日,きのう,,,,,,,,,,,,,,,,,,,,,,,,,,,,,,,,,,,,,,,,,,,,,,,,,,,,,,,,,,,,,,,,,,,,,,,,,,,,,,,,,,,,,,,,,,
明日,明日,明天,,あした,ashita,ashita,"NOUN",0,BIAORI-01-05-0007,,明日,あした,,,,,,,,,,,,,,,,,,,,,,,,,,,,,,,,,,,,,,,,,,,,,,,,,,,,,,,,,,,,,,,,,,,,,,,,,,,,,,,,,,,,,,,,,,
あさって,あさって,后天,,あさって,asatte,asatte,"NOUN",2,BIAORI-01-05-0008,,あさって,,,,,,,,,,,,,,,,,,,,,,,,,,,,,,,明,あ,後日,さって,,,,,,,,,,,,,,,,,,,,,,,,,,,,,,,,,,,,,,,,,,,,,,,,,,,,,,,,,
おととい,おととい,前天,,おととい,ototoi,ototoi,"NOUN",3,BIAORI-01-05-0009,,おととい,,,,,,,,,,,,,,,,,,,,,,,,,,,,,,,,,,,,,,,,,,,,,,,,,,,,,,,,,,,,,,一昨日,おととい,,,,,,,,,,,,,,,,,,,,,,,,,,,,
毎日,毎日,每天，每日,,まいにち,mainichi,mainichi,"NOUN",1,BIAORI-01-05-0010,,毎,まい,日,にち,,,,,,,,,,,,,,,,,,,,,,,,,,,,,,,,,,,,,,,,,,,,,,,,,,,,,,,,,,,,,,,,,,,,,,,,,,,,,,,,,,,,,,,,
毎朝,毎朝,每天早晨,,まいあさ,maiasa,maiasa,"NOUN",1,BIAORI-01-05-0011,,毎,まい,朝,あさ,,,,,,,,,,,,,,,,,,,,,,,,,,,,,,,,,,,,,,,,,,,,,,,,,,,,,,,,,,,,,,,,,,,,,,,,,,,,,,,,,,,,,,,,
毎晩,毎晩,每天晚上,,まいばん,maiban,maibann,"NOUN",1,BIAORI-01-05-0012,,毎,まい,晩,ばん,,,,,,,,,,,,,,,,,,,,,,,,,,,,,,,,,,,,,,,,,,,,,,,,,,,,,,,,,,,,,,,,,,,,,,,,,,,,,,,,,,,,,,,,
毎週,毎週,每个星期,,まいしゅう,maishū,maishuu,"NOUN",0,BIAORI-01-05-0013,,毎,まい,週,しゅう,,,,,,,,,,,,,,,,,,,,,,,,,,,,,,,,,,,,,,,,,,,,,,,,,,,,,,,,,,,,,,,,,,,,,,,,,,,,,,,,,,,,,,,,
午前,午前,上午,午前,ごぜん,gozen,gozenn,"NOUN",1,BIAORI-01-05-0014,,午,ご,前,ぜん,,,,,,,,,,,,,,,,,,,,,,,,,,,,,,,,,,,,,,,,,,,,,,,,,,,,,,,,,,,,,,,,,,,,,,,,,,,,,,,,,,,,,,,,
am,am,上午,am,エイエム,am,eiemu,"NOUN",3,BIAORI-01-05-0015,,a,エイ,m,エム,,,,,,,,,,,,,,,,,,,,,,,,,,,,,,,,,,,,,,,,,,,,,,,,,,,,,,,,,,,,,,,,,,,,,,,,,,,,,,,,,,,,,,,,
午後,午後,下午,午後,ごご,gogo,gogo,"NOUN",1,BIAORI-01-05-0016,,午,ご,後,ご,,,,,,,,,,,,,,,,,,,,,,,,,,,,,,,,,,,,,,,,,,,,,,,,,,,,,,,,,,,,,,,,,,,,,,,,,,,,,,,,,,,,,,,,
pm,pm,下午,pm,ピーエム,pm,pi-emu,"NOUN",3,BIAORI-01-05-0017,,p,ピー,m,エム,,,,,,,,,,,,,,,,,,,,,,,,,,,,,,,,,,,,,,,,,,,,,,,,,,,,,,,,,,,,,,,,,,,,,,,,,,,,,,,,,,,,,,,,
日曜日,日曜日,星期日,,にちようび,nichiyōbi,nichiyoubi,"NOUN",3,BIAORI-01-05-0018,,日,にち,曜,よう,日,び,,,,,,,,,,,,,,,,,,,,,,,,,,,,,,,,,,,,,,,,,,,,,,,,,,,,,,,,,,,,,,,,,,,,,,,,,,,,,,,,,,,,,,
月曜日,月曜日,星期一,,げつようび,getsuyōbi,getsuyoubi,"NOUN",3,BIAORI-01-05-0019,,月,げつ,曜,よう,日,び,,,,,,,,,,,,,,,,,,,,,,,,,,,,,,,,,,,,,,,,,,,,,,,,,,,,,,,,,,,,,,,,,,,,,,,,,,,,,,,,,,,,,,
火曜日,火曜日,星期二,,かようび,kayōbi,kayoubi,"NOUN",2,BIAORI-01-05-0020,,火,か,曜,よう,日,び,,,,,,,,,,,,,,,,,,,,,,,,,,,,,,,,,,,,,,,,,,,,,,,,,,,,,,,,,,,,,,,,,,,,,,,,,,,,,,,,,,,,,,
金曜日,金曜日,星期五,,きんようび,kin'yōbi,kinnyoubi,"NOUN",3,BIAORI-01-05-0021,,金,きん,曜,よう,日,び,,,,,,,,,,,,,,,,,,,,,,,,,,,,,,,,,,,,,,,,,,,,,,,,,,,,,,,,,,,,,,,,,,,,,,,,,,,,,,,,,,,,,,
土曜日,土曜日,星期六,,どようび,doyōbi,doyoubi,"NOUN",2,BIAORI-01-05-0022,,土,ど,曜,よう,日,び,,,,,,,,,,,,,,,,,,,,,,,,,,,,,,,,,,,,,,,,,,,,,,,,,,,,,,,,,,,,,,,,,,,,,,,,,,,,,,,,,,,,,,
今朝,今朝,今天早晨,,けさ,kesa,kesa,"NOUN",1,BIAORI-01-05-0023,,今朝,けさ,,,,,,,,,,,,,,,,,,,,,,,,,,,,,,,,,,,,,,,,,,,,,,,,,,,,,,,,,,,,,,,,,,,,,,,,,,,,,,,,,,,,,,,,,,
今晩,今晩,今天晚上,,こんばん,komban,konmban,"NOUN",1,BIAORI-01-05-0024,,今,こん,晩,ばん,,,,,,,,,,,,,,,,,,,,,,,,,,,,,,,,,,,,,,,,,,,,,,,,,,,,,,,,,,,,,,,,,,,,,,,,,,,,,,,,,,,,,,,,
来年,来年,明年,,らいねん,rainen,rainenn,"NOUN",0,BIAORI-01-05-0025,,来,らい,年,ねん,,,,,,,,,,,,,,,,,,,,,,,,,,,,,,,,,,,,,,,,,,,,,,,,,,,,,,,,,,,,,,,,,,,,,,,,,,,,,,,,,,,,,,,,
去年,去年,去年,,きょねん,kyonen,kyonenn,"NOUN",0,BIAORI-01-05-0026,,去,きょ,年,ねん,,,,,,,,,,,,,,,,,,,,,,,,,,,,,,,,,,,,,,,,,,,,,,,,,,,,,,,,,,,,,,,,,,,,,,,,,,,,,,,,,,,,,,,,
夜,夜,晚上，夜里，夜晚,深夜时间,よる,yoru,yoru,"NOUN",1,BIAORI-01-05-0027,,夜,よる,,,,,,,,,,,,,,,,,,,,,,,,,,,,,,,,,,,,,,,,,,,,,,,,,,,,,,,,,,,,,,,,,,,,,,,,,,,,,,,,,,,,,,,,,,
晩,晩,晚上,晚饭时间,ばん,ban,bann,"NOUN",0,BIAORI-01-05-0028,,晩,ばん,,,,,,,,,,,,,,,,,,,,,,,,,,,,,,,,,,,,,,,,,,,,,,,,,,,,,,,,,,,,,,,,,,,,,,,,,,,,,,,,,,,,,,,,,,
朝,朝,早晨,,あさ,asa,asa,"NOUN",1,BIAORI-01-05-0029,,朝,あさ,,,,,,,,,,,,,,,,,,,,,,,,,,,,,,,,,,,,,,,,,,,,,,,,,,,,,,,,,,,,,,,,,,,,,,,,,,,,,,,,,,,,,,,,,,
学校,学校,学校,,がっこう,gakkō,gakkou,"NOUN",0,BIAORI-01-05-0030,,学,がっ,校,こう,,,,,,,,,,,,,,,,,,,,,,,,,,,,,,,,,,,,,,,,,,,,,,,,,,,,,,,,,,,,,,,,,,,,,,,,,,,,,,,,,,,,,,,,
試験,試験,考试,,しけん,shiken,shikenn,"NOUN",2,BIAORI-01-05-0031,,試,し,験,けん,,,,,,,,,,,,,,,,,,,,,,,,,,,,,,,,,,,,,,,,,,,,,,,,,,,,,,,,,,,,,,,,,,,,,,,,,,,,,,,,,,,,,,,,
仕事,仕事,工作,,しごと,shigoto,shigoto,"NOUN",0,BIAORI-01-05-0032,,仕,し,事,ごと,,,,,,,,,,,,,,,,,,,,,,,,,,,,,,,,,,,,,,,,,,,,,,,,,,,,,,,,,,,,,,,,,,,,,,,,,,,,,,,,,,,,,,,,
遅刻,遅刻,迟到,,ちこく,chikoku,chikoku,"NOUN",0,BIAORI-01-05-0033,,遅,ち,刻,こく,,,,,,,,,,,,,,,,,,,,,,,,,,,,,,,,,,,,,,,,,,,,,,,,,,,,,,,,,,,,,,,,,,,,,,,,,,,,,,,,,,,,,,,,
休み,休み,休息,,やすみ,yasumi,yasumi,"NOUN",3,BIAORI-01-05-0034,,休,やす,み,,,,,,,,,,,,,,,,,,,,,,,,,,,,,,,,,,,,,,,,,,,,,,,,,,,,,,,,,,,,,,,,,,,,,,,,,,,,,,,,,,,,,,,,,
出張,出張,出差,,しゅっちょう,shutchō,shutchou,"NOUN",0,BIAORI-01-05-0035,,出,しゅっ,張,ちょう,,,,,,,,,,,,,,,,,,,,,,,,,,,,,,,,,,,,,,,,,,,,,,,,,,,,,,,,,,,,,,,,,,,,,,,,,,,,,,,,,,,,,,,,
研修,研修,进修,,けんしゅう,kenshū,kennshuu,"NOUN",0,BIAORI-01-05-0036,,研,けん,修,しゅう,,,,,,,,,,,,,,,,,,,,,,,,,,,,,,,,,,,,,,,,,,,,,,,,,,,,,,,,,,,,,,,,,,,,,,,,,,,,,,,,,,,,,,,,
旅行,旅行,旅行,,りょこう,ryokō,ryokou,"NOUN",0,BIAORI-01-05-0037,,旅,りょ,行,こう,,,,,,,,,,,,,,,,,,,,,,,,,,,,,,,,,,,,,,,,,,,,,,,,,,,,,,,,,,,,,,,,,,,,,,,,,,,,,,,,,,,,,,,,
展覧会,展覧会,展览会,,てんらんかい,tenrankai,tennrankai,"NOUN",3,BIAORI-01-05-0038,,展,てん,覧,らん,会,かい,,,,,,,,,,,,,,,,,,,,,,,,,,,,,,,,,,,,,,,,,,,,,,,,,,,,,,,,,,,,,,,,,,,,,,,,,,,,,,,,,,,,,,
歓迎会,歓迎会,欢迎会,,かんげいかい,kangeikai,kanngeikai,"NOUN",3,BIAORI-01-05-0039,,歓,かん,迎,げい,会,かい,,,,,,,,,,,,,,,,,,,,,,,,,,,,,,,,,,,,,,,,,,,,,,,,,,,,,,,,,,,,,,,,,,,,,,,,,,,,,,,,,,,,,,
パーティー,パーティー,联欢会,,パーティー,pātī,pa-tī,"NOUN",1,BIAORI-01-05-0040,WARNING,パーティー,party,,,,,,,,,,,,,,,,,,,,,,,,,,,,,,,,,,,,,,,,,,,,,,,,,,,,,,,,,,,,,,,,,,,,,,,,,,,,,,,,,,,,,,,,,,
お宅,お宅,府上，（您）家,,おたく,otaku,otaku,"NOUN",0,BIAORI-01-05-0041,,お,宅,たく,,,,,,,,,,,,,,,,,,,,,,,,,,,,,,,,,,,,,,,,,,,,,,,,,,,,,,,,,,,,,,,,,,,,,,,,,,,,,,,,,,,,,,,,,
いつ,いつ,什么时候,,いつ,itsu,itsu,"PRON",1,BIAORI-01-05-0042,,いつ,,,,,,,,,,,,,,,,,,,,,,,,,,,,,,,,,,,,,,,,,,,,,,,,,,,,,,,,,,,,,,,,,,,,,,,,,,,,,,,,,,,,,,,,,,,
休む,休む,休息,,やすむ,yasumu,yasumu,["VERB"|"GODAN"],null,BIAORI-01-05-0043,,休,やす,む,,,,,,,,,,,,,,,,,,,,,,,,,,,,,,,,,,,,,,,,,,,,,,,,,,,,,,,,,,,,,,,,,,,,,,,,,,,,,,,,,,,,,,,,,
働く,働く,工作,,はたらく,hataraku,hataraku,["VERB"|"GODAN"],null,BIAORI-01-05-0044,,働,はたら,く,,,,,,,,,,,,,,,,,,,,,,,,,,,,,,,,,,,,,,,,,,,,,,,,,,,,,,,,,,,,,,,,,,,,,,,,,,,,,,,,,,,,,,,,,
始まる,始まる,开始,,はじまる,hajimaru,hajimaru,["VERB"|"GODAN"],null,BIAORI-01-05-0045,,始,はじ,まる,,,,,,,,,,,,,,,,,,,,,,,,,,,,,,,,,,,,,,,,,,,,,,,,,,,,,,,,,,,,,,,,,,,,,,,,,,,,,,,,,,,,,,,,,
終わる,終わる,结束,,おわる,owaru,owaru,["VERB"|"GODAN"],null,BIAORI-01-05-0046,,終,お,わる,,,,,,,,,,,,,,,,,,,,,,,,,,,,,,,,,,,,,,,,,,,,,,,,,,,,,,,,,,,,,,,,,,,,,,,,,,,,,,,,,,,,,,,,,
起きる,起きる,起床,,おきる,okiru,okiru,["VERB"|"KAMIICHIDAN"],null,BIAORI-01-05-0047,,起,お,きる,,,,,,,,,,,,,,,,,,,,,,,,,,,,,,,,,,,,,,,,,,,,,,,,,,,,,,,,,,,,,,,,,,,,,,,,,,,,,,,,,,,,,,,,,
寝る,寝る,睡觉,,ねる,neru,neru,["VERB"|"SHIMOICHIDAN"],null,BIAORI-01-05-0048,,寝,ね,る,,,,,,,,,,,,,,,,,,,,,,,,,,,,,,,,,,,,,,,,,,,,,,,,,,,,,,,,,,,,,,,,,,,,,,,,,,,,,,,,,,,,,,,,,
勉強する,勉強する,学习,,べんきょうする,benkyōsuru,bennkyousuru,["VERB"|"SAHEN"],null,BIAORI-01-05-0049,,勉,べん,強,きょう,する,,,,,,,,,,,,,,,,,,,,,,,,,,,,,,,,,,,,,,,,,,,,,,,,,,,,,,,,,,,,,,,,,,,,,,,,,,,,,,,,,,,,,,,
いつも,いつも,经常，总是,,いつも,itsumo,itsumo,"ADV",1,BIAORI-01-05-0050,,いつも,,,,,,,,,,,,,,,,,,,,,,,,,,,,,,,,,,,,,,,,,,,,,,,,,,,,,,,,,,,,,,,,,,,,,,,,,,,,,,,,,,,,,,,,,,,
北京支社,北京支社,北京分社,,ペキンししゃ,pekinshisha,pekinnshisha,"PROPER",4,BIAORI-01-05-0051,,北,ペ,京,キン,支,し,社,しゃ,,,,,,,,,,,,,,,,,,,,,,,,,,,,,,,,,,,,,,,,,,,,,,,,,,,,,,,,,,,,,,,,,,,,,,,,,,,,,,,,,,,,
神戸,神戸,神户,,こうべ,kōbe,koube,"PROPER",1,BIAORI-01-05-0052,,神,こう,戸,べ,,,,,,,,,,,,,,,,,,,,,,,,,,,,,,,,,,,,,,,,,,,,,,,,,,,,,,,,,,,,,,,,,,,,,,,,,,,,,,,,,,,,,,,,
おはよう,おはよう,你早,早上好，也可用于每天第一次见面,おはよう,ohayō,ohayou,"IDIOM",0,BIAORI-01-05-0053,,おはよう,,,,,,,,,,,,,,,,,,,,,,,,,,,,,,,,,,,,,,,,,,,,,,,,,,,,,,,,,,,,,,,,,,,,,,,,,,,,,,,,,,,,,,,,,,,
時,時,（~点）（几点钟）,,じ,ji,ji,"IDIOM",null,BIAORI-01-05-0054,,時,じ,,,,,,,,,,,,,,,,,,,,,,,,,,,,,,,,,,,,,,,,,,,,,,,,,,,,,,,,,,,,,,,,,,,,,,,,,,,,,,,,,,,,,,,,,,
分,分,（~分）（几点几分）,,ふん,fun,funn,"IDIOM",null,BIAORI-01-05-0055,,分,ふん,,,,,,,,,,,,,,,,,,,,,,,,,,,,,,,,,,,,,,,,,,,,,,,,,,,,,,,,,,,,,,,,,,,,,,,,,,,,,,,,,,,,,,,,,,
半,半,（~半）（几点半）,,はん,han,hann,"IDIOM",null,BIAORI-01-05-0056,,半,はん,,,,,,,,,,,,,,,,,,,,,,,,,,,,,,,,,,,,,,,,,,,,,,,,,,,,,,,,,,,,,,,,,,,,,,,,,,,,,,,,,,,,,,,,,,
月,月,（~月）（几月份）,,がつ,gatsu,gatsu,"IDIOM",null,BIAORI-01-05-0057,,月,がつ,,,,,,,,,,,,,,,,,,,,,,,,,,,,,,,,,,,,,,,,,,,,,,,,,,,,,,,,,,,,,,,,,,,,,,,,,,,,,,,,,,,,,,,,,,
日,日,（~日）（几月几日）,,にち,nichi,nichi,"IDIOM",null,BIAORI-01-05-0058,,日,にち,,,,,,,,,,,,,,,,,,,,,,,,,,,,,,,,,,,,,,,,,,,,,,,,,,,,,,,,,,,,,,,,,,,,,,,,,,,,,,,,,,,,,,,,,,
年,年,（~年）（哪年）,,ねん,nen,nenn,"IDIOM",null,BIAORI-01-05-0059,,年,ねん,,,,,,,,,,,,,,,,,,,,,,,,,,,,,,,,,,,,,,,,,,,,,,,,,,,,,,,,,,,,,,,,,,,,,,,,,,,,,,,,,,,,,,,,,,
ごろ,ごろ,（~ごろ）（时间左右）,,ごろ,goro,goro,"IDIOM",null,BIAORI-01-05-0060,,ごろ,,,,,,,,,,,,,,,,,,,,,,,,,,,,,,,,,,,,,,,,,,,,,,,,,,,,,,,,,,,,,,,,,,,,,,,,,,,,,,,,,,,,,,,,,,,
来月,来月,下个月,,らいげつ,raigetsu,raigetsu,"NOUN",1,BIAORI-01-06-0001,,来,らい,月,げつ,,,,,,,,,,,,,,,,,,,,,,,,,,,,,,,,,,,,,,,,,,,,,,,,,,,,,,,,,,,,,,,,,,,,,,,,,,,,,,,,,,,,,,,,
先月,先月,上个月,,せんげつ,sengetsu,senngetsu,"NOUN",1,BIAORI-01-06-0002,,先,せん,月,げつ,,,,,,,,,,,,,,,,,,,,,,,,,,,,,,,,,,,,,,,,,,,,,,,,,,,,,,,,,,,,,,,,,,,,,,,,,,,,,,,,,,,,,,,,
夜中,夜中,午夜，半夜,,よなか,yonaka,yonaka,"NOUN",3,BIAORI-01-06-0003,,夜,よ,中,なか,,,,,,,,,,,,,,,,,,,,,,,,,,,,,,,,,,,,,,,,,,,,,,,,,,,,,,,,,,,,,,,,,,,,,,,,,,,,,,,,,,,,,,,,
ゆうべ,ゆうべ,昨天晚上,,ゆうべ,yūbe,yuube,"NOUN",0,BIAORI-01-06-0004,,ゆうべ,,,,,,,,,,,,,,,,,,,,,,,,,,,,,,,昨夜,ゆうべ,,,,,,,,,,,,,,,,,,,,,,,,,,,,,,,,,,,,,,,,,,,,,,,,,,,,,,,,,,,
コンサート,コンサート,音乐会,,コンサート,konsāto,konnsa-to,"NOUN",1,BIAORI-01-06-0005,WARNING,コンサート,concert,,,,,,,,,,,,,,,,,,,,,,,,,,,,,,,,,,,,,,,,,,,,,,,,,,,,,,,,,,,,,,,,,,,,,,,,,,,,,,,,,,,,,,,,,,
クリスマス,クリスマス,圣诞节,,クリスマス,kurisumasu,kurisumasu,"NOUN",3,BIAORI-01-06-0006,WARNING,クリスマス,Christmas,,,,,,,,,,,,,,,,,,,,,,,,,,,,,,,,,,,,,,,,,,,,,,,,,,,,,,,,,,,,,,,,,,,,,,,,,,,,,,,,,,,,,,,,,,
誕生日,誕生日,生日,,たんじょうび,tanjōbi,tannjoubi,"NOUN",3,BIAORI-01-06-0007,,誕,たん,生,じょう,日,び,,,,,,,,,,,,,,,,,,,,,,,,,,,,,,,,,,,,,,,,,,,,,,,,,,,,,,,,,,,,,,,,,,,,,,,,,,,,,,,,,,,,,,
こどもの日,こどもの日,儿童节,,こどものひ,kodomonohi,kodomonohi,"NOUN",5,BIAORI-01-06-0008,,こどもの,日,ひ,,,,,,,,,,,,,,,,,,,,,,,,,,,,,子,こ,供,ども,の,日,ひ,,,,,,,,,,,,,,,,,,,,,,,,,,,,,,,,,,,,,,,,,,,,,,,,,,,,,,
夏休み,夏休み,暑假,,なつやすみ,natsuyasumi,natsuyasumi,"NOUN",3,BIAORI-01-06-0009,,夏,なつ,休,やす,み,,,,,,,,,,,,,,,,,,,,,,,,,,,,,,,,,,,,,,,,,,,,,,,,,,,,,,,,,,,,,,,,,,,,,,,,,,,,,,,,,,,,,,,
交通機関,交通機関,交通工具,,こうつうきかん,kōtsūkikan,koutsuukikann,"NOUN",5,BIAORI-01-06-0010,,交,こう,通,つう,機,き,関,かん,,,,,,,,,,,,,,,,,,,,,,,,,,,,,,,,,,,,,,,,,,,,,,,,,,,,,,,,,,,,,,,,,,,,,,,,,,,,,,,,,,,,
新幹線,新幹線,新干线,,しんかんせん,shinkansen,shinnkansen,"NOUN",3,BIAORI-01-06-0011,,新,しん,幹,かん,線,せん,,,,,,,,,,,,,,,,,,,,,,,,,,,,,,,,,,,,,,,,,,,,,,,,,,,,,,,,,,,,,,,,,,,,,,,,,,,,,,,,,,,,,,
飛行機,飛行機,飞机,,ひこうき,hikōki,hikouki,"NOUN",2,BIAORI-01-06-0012,,飛,ひ,行,こう,機,き,,,,,,,,,,,,,,,,,,,,,,,,,,,,,,,,,,,,,,,,,,,,,,,,,,,,,,,,,,,,,,,,,,,,,,,,,,,,,,,,,,,,,,
フェリー,フェリー,渡轮,,フェリー,ferī,feri-,"NOUN",1,BIAORI-01-06-0013,WARNING,フェリー,ferry,,,,,,,,,,,,,,,,,,,,,,,,,,,,,,,,,,,,,,,,,,,,,,,,,,,,,,,,,,,,,,,,,,,,,,,,,,,,,,,,,,,,,,,,,,
電車,電車,电车,,でんしゃ,densha,dennsha,"NOUN",0,BIAORI-01-06-0014,,電,でん,車,しゃ,,,,,,,,,,,,,,,,,,,,,,,,,,,,,,,,,,,,,,,,,,,,,,,,,,,,,,,,,,,,,,,,,,,,,,,,,,,,,,,,,,,,,,,,
バス,バス,公共汽车,,バス,basu,basu,"NOUN",1,BIAORI-01-06-0015,WARNING,バス,bus,,,,,,,,,,,,,,,,,,,,,,,,,,,,,,,,,,,,,,,,,,,,,,,,,,,,,,,,,,,,,,,,,,,,,,,,,,,,,,,,,,,,,,,,,,
タクシー,タクシー,出租车,,タクシー,takushī,takushi-,"NOUN",1,BIAORI-01-06-0016,WARNING,タクシー,taxi,,,,,,,,,,,,,,,,,,,,,,,,,,,,,,,,,,,,,,,,,,,,,,,,,,,,,,,,,,,,,,,,,,,,,,,,,,,,,,,,,,,,,,,,,,
美術館,美術館,美术馆,,びじゅつかん,bijutsukan,bijutsukann,"NOUN",3,BIAORI-01-06-0017,,美,び,術,じゅつ,館,かん,,,,,,,,,,,,,,,,,,,,,,,,,,,,,,,,,,,,,,,,,,,,,,,,,,,,,,,,,,,,,,,,,,,,,,,,,,,,,,,,,,,,,,
アパート,アパート,公寓,,アパート,apāto,apa-to,"NOUN",2,BIAORI-01-06-0018,WARNING,アパート,apartment,,,,,,,,,,,,,,,,,,,,,,,,,,,,,,,,,,,,,,,,,,,,,,,,,,,,,,,,,,,,,,,,,,,,,,,,,,,,,,,,,,,,,,,,,,
うち,家-1,家,,うち,uchi,uchi,"NOUN",0,BIAORI-01-06-0019,,うち,,,,,,,,,,,,,,,,,,,,,,,,,,,,,,,家,うち,,,,,,,,,,,,,,,,,,,,,,,,,,,,,,,,,,,,,,,,,,,,,,,,,,,,,,,,,,,
プール,プール,游泳池,,プール,pūru,pu-ru,"NOUN",1,BIAORI-01-06-0020,WARNING,プール,pool,,,,,,,,,,,,,,,,,,,,,,,,,,,,,,,,,,,,,,,,,,,,,,,,,,,,,,,,,,,,,,,,,,,,,,,,,,,,,,,,,,,,,,,,,,
友達,友達,朋友,,ともだち,tomodachi,tomodachi,"NOUN",0,BIAORI-01-06-0021,,友,とも,達,だち,,,,,,,,,,,,,,,,,,,,,,,,,,,,,,,,,,,,,,,,,,,,,,,,,,,,,,,,,,,,,,,,,,,,,,,,,,,,,,,,,,,,,,,,
弟,弟,弟弟,,おとうと,otōto,otouto,"NOUN",4,BIAORI-01-06-0022,,弟,おとうと,,,,,,,,,,,,,,,,,,,,,,,,,,,,,,,,,,,,,,,,,,,,,,,,,,,,,,,,,,,,,,,,,,,,,,,,,,,,,,,,,,,,,,,,,,
行く,行く,去,,いく,iku,iku,["VERB"|"GODAN"],null,BIAORI-01-06-0023,,行,い,く,,,,,,,,,,,,,,,,,,,,,,,,,,,,,,,,,,,,,,,,,,,,,,,,,,,,,,,,,,,,,,,,,,,,,,,,,,,,,,,,,,,,,,,,,
帰る,帰る,回来，回去,,かえる,kaeru,kaeru,["VERB"|"GODAN"],null,BIAORI-01-06-0024,,帰,かえ,る,,,,,,,,,,,,,,,,,,,,,,,,,,,,,,,,,,,,,,,,,,,,,,,,,,,,,,,,,,,,,,,,,,,,,,,,,,,,,,,,,,,,,,,,,
来る,来る,来,,くる,kuru,kuru,["VERB"|"KAHEN"],null,BIAORI-01-06-0025,,来,く,る,,,,,,,,,,,,,,,,,,,,,,,,,,,,,,,,,,,,,,,,,,,,,,,,,,,,,,,,,,,,,,,,,,,,,,,,,,,,,,,,,,,,,,,,,
たしか,たしか,好像是，大概；的确,,たしか,tashika,tashika,"ADV",1,BIAORI-01-06-0026,,たしか,,,,,,,,,,,,,,,,,,,,,,,,,,,,,,,確,たし,か,,,,,,,,,,,,,,,,,,,,,,,,,,,,,,,,,,,,,,,,,,,,,,,,,,,,,,,,,,
まっすぐ,まっすぐ,径直，笔直,,まっすぐ,massugu,massugu,"ADV",3,BIAORI-01-06-0027,,まっすぐ,,,,,,,,,,,,,,,,,,,,,,,,,,,,,,,真,ま,っ,直,す,ぐ,,,,,,,,,,,,,,,,,,,,,,,,,,,,,,,,,,,,,,,,,,,,,,,,,,,,,,,
いっしょに,いっしょに,一起,,いっしょに,isshoni,isshoni,"ADV",0,BIAORI-01-06-0028,,いっしょに,,,,,,,,,,,,,,,,,,,,,,,,,,,,,,,一,いっ,緒,しょ,に,,,,,,,,,,,,,,,,,,,,,,,,,,,,,,,,,,,,,,,,,,,,,,,,,,,,,,,,
佐藤,佐藤,佐藤,,さとう,satō,satou,"PROPER",1,BIAORI-01-06-0029,,佐,さ,藤,とう,,,,,,,,,,,,,,,,,,,,,,,,,,,,,,,,,,,,,,,,,,,,,,,,,,,,,,,,,,,,,,,,,,,,,,,,,,,,,,,,,,,,,,,,
北京,北京,北京,,ペキン,pekin,pekinn,"PROPER",1,BIAORI-01-06-0030,,北,ペ,京,キン,,,,,,,,,,,,,,,,,,,,,,,,,,,,,,,,,,,,,,,,,,,,,,,,,,,,,,,,,,,,,,,,,,,,,,,,,,,,,,,,,,,,,,,,
アメリカ,アメリカ,美国,米国（べいこく）是美国的另一种写法，多用于书面语和新闻媒体,アメリカ,amerika,amerika,"PROPER",0,BIAORI-01-06-0031,WARNING,アメリカ,America,,,,,,,,,,,,,,,,,,,,,,,,,,,,,,,,,,,,,,,,,,,,,,,,,,,,,,,,,,,,,,,,,,,,,,,,,,,,,,,,,,,,,,,,,,
韓国,韓国,韩国,,かんこく,kankoku,kannkoku,"PROPER",1,BIAORI-01-06-0032,,韓,かん,国,こく,,,,,,,,,,,,,,,,,,,,,,,,,,,,,,,,,,,,,,,,,,,,,,,,,,,,,,,,,,,,,,,,,,,,,,,,,,,,,,,,,,,,,,,,
フランス,フランス,法国,,フランス,furansu,furannsu,"PROPER",0,BIAORI-01-06-0033,WARNING,フランス,France,,,,,,,,,,,,,,,,,,,,,,,,,,,,,,,,,,,,,,,,,,,,,,,,,,,,,,,,,,,,,,,,,,,,,,,,,,,,,,,,,,,,,,,,,,
広島,広島,广岛,,ひろしま,hiroshima,hiroshima,"PROPER",0,BIAORI-01-06-0034,,広,ひろ,島,しま,,,,,,,,,,,,,,,,,,,,,,,,,,,,,,,,,,,,,,,,,,,,,,,,,,,,,,,,,,,,,,,,,,,,,,,,,,,,,,,,,,,,,,,,
京都,京都,京都,,きょうと,kyōto,kyouto,"PROPER",1,BIAORI-01-06-0035,,京,きょう,都,と,,,,,,,,,,,,,,,,,,,,,,,,,,,,,,,,,,,,,,,,,,,,,,,,,,,,,,,,,,,,,,,,,,,,,,,,,,,,,,,,,,,,,,,,
北海道,北海道,北海道,,ほっかいどう,hokkaidō,hokkaidou,"PROPER",3,BIAORI-01-06-0036,,北,ほっ,海,かい,道,どう,,,,,,,,,,,,,,,,,,,,,,,,,,,,,,,,,,,,,,,,,,,,,,,,,,,,,,,,,,,,,,,,,,,,,,,,,,,,,,,,,,,,,,
箱根,箱根,箱根,,はこね,hakone,hakone,"PROPER",0,BIAORI-01-06-0037,,箱,はこ,根,ね,,,,,,,,,,,,,,,,,,,,,,,,,,,,,,,,,,,,,,,,,,,,,,,,,,,,,,,,,,,,,,,,,,,,,,,,,,,,,,,,,,,,,,,,
銀座,銀座,银座,,ぎんざ,ginza,ginnza,"PROPER",0,BIAORI-01-06-0038,,銀,ぎん,座,ざ,,,,,,,,,,,,,,,,,,,,,,,,,,,,,,,,,,,,,,,,,,,,,,,,,,,,,,,,,,,,,,,,,,,,,,,,,,,,,,,,,,,,,,,,
渋谷,渋谷,涩谷,,しぶや,shibuya,shibuya,"PROPER",0,BIAORI-01-06-0039,,渋,しぶ,谷,や,,,,,,,,,,,,,,,,,,,,,,,,,,,,,,,,,,,,,,,,,,,,,,,,,,,,,,,,,,,,,,,,,,,,,,,,,,,,,,,,,,,,,,,,
新宿,新宿,新宿,,しんじゅく,shinjuku,shinnjuku,"PROPER",0,BIAORI-01-06-0040,,新,しん,宿,じゅく,,,,,,,,,,,,,,,,,,,,,,,,,,,,,,,,,,,,,,,,,,,,,,,,,,,,,,,,,,,,,,,,,,,,,,,,,,,,,,,,,,,,,,,,
お疲れ様でした,お疲れ様でした,够累的（？？）,你辛苦了。同伴之间体谅，安慰对方的寒暄语,おつかれさまでした,otsukaresamadeshita,otsukaresamadeshita,"IDIOM",7,BIAORI-01-06-0041,,お,疲,つか,れ,様,さま,でした,,,,,,,,,,,,,,,,,,,,,,,,,,,,,,,,,,,,,,,,,,,,,,,,,,,,,,,,,,,,,,,,,,,,,,,,,,,,,,,,,,,,,
お先に失礼します,お先に失礼します,我先走了，我先告辞了,,おさきにしつれいします,osakinishitsureishimasu,osakinishitsureishimasu,"IDIOM",10,BIAORI-01-06-0042,,お,先,さき,に,失,しつ,礼,れい,します,,,,,,,,,,,,,,,,,,,,,,,,,,,,,,,,,,,,,,,,,,,,,,,,,,,,,,,,,,,,,,,,,,,,,,,,,,,,,,,,,,,
歩いて,歩いて,步行,,あるいて,aruite,aruite,"IDIOM",2,BIAORI-01-06-0043,,歩,ある,いて,,,,,,,,,,,,,,,,,,,,,,,,,,,,,,,,,,,,,,,,,,,,,,,,,,,,,,,,,,,,,,,,,,,,,,,,,,,,,,,,,,,,,,,,,
大変ですね,大変ですね,真不容易，够受的，不得了,,たいへんですね,taihendesune,taihenndesune,"IDIOM",5,BIAORI-01-06-0044,,大,たい,変,へん,ですね,,,,,,,,,,,,,,,,,,,,,,,,,,,,,,,,,,,,,,,,,,,,,,,,,,,,,,,,,,,,,,,,,,,,,,,,,,,,,,,,,,,,,,,
コーヒー,コーヒー,咖啡,,コーヒー,kōhī,ko-hī,"NOUN",3,BIAORI-01-07-0001,WARNING,コーヒー,coffee,,,,,,,,,,,,,,,,,,,,,,,,,,,,,,,,,,,,,,,,,,,,,,,,,,,,,,,,,,,,,珈,コー,琲,ヒー,,,,,,,,,,,,,,,,,,,,,,,,,,
コーラ,コーラ,可乐,,コーラ,kōra,ko-ra,"NOUN",1,BIAORI-01-07-0002,WARNING,コーラ,cola,,,,,,,,,,,,,,,,,,,,,,,,,,,,,,,,,,,,,,,,,,,,,,,,,,,,,,,,,,,,,,,,,,,,,,,,,,,,,,,,,,,,,,,,,,
お茶,お茶,茶,,おちゃ,ocha,ocha,"NOUN",0,BIAORI-01-07-0003,,お,茶,ちゃ,,,,,,,,,,,,,,,,,,,,,,,,,,,,,,,,,,,,,,,,,,,,,,,,,,,,,,,,,,,,,,,,,,,,,,,,,,,,,,,,,,,,,,,,,
ワイン,ワイン,葡萄酒,,ワイン,wain,wainn,"NOUN",1,BIAORI-01-07-0004,WARNING,ワイン,wine,,,,,,,,,,,,,,,,,,,,,,,,,,,,,,,,,,,,,,,,,,,,,,,,,,,,,,,,,,,,,,,,,,,,,,,,,,,,,,,,,,,,,,,,,,
パン,パン,面包,,パン,pan,pann,"NOUN",1,BIAORI-01-07-0005,WARNING,パン,[pt] pão,,,,,,,,,,,,,,,,,,,,,,,,,,,,,,,,,,,,,,,,,,,,,,,,,,,,,,,,,,,,,,,,,,,,,,,,,,,,,,,,,,,,,,,,,,
ケーキ,ケーキ,蛋糕,,ケーキ,kēki,ke-ki,"NOUN",1,BIAORI-01-07-0006,WARNING,ケーキ,cake,,,,,,,,,,,,,,,,,,,,,,,,,,,,,,,,,,,,,,,,,,,,,,,,,,,,,,,,,,,,,,,,,,,,,,,,,,,,,,,,,,,,,,,,,,
お粥,お粥,粥,,おかゆ,okayu,okayu,"NOUN",0,BIAORI-01-07-0007,,お,粥,かゆ,,,,,,,,,,,,,,,,,,,,,,,,,,,,,,,,,,,,,,,,,,,,,,,,,,,,,,,,,,,,,,,,,,,,,,,,,,,,,,,,,,,,,,,,,
昼ご飯,昼ご飯,午饭,,ひるごはん,hirugohan,hirugohann,"NOUN",3,BIAORI-01-07-0008,,昼,ひる,ご,飯,はん,,,,,,,,,,,,,,,,,,,,,,,,,,,,,,,,,,,,,,,,,,,,,,,,,,,,,,,,,,,,,,,,,,,,,,,,,,,,,,,,,,,,,,,
お弁当,お弁当,盒饭,,おべんとう,obentō,obenntou,"NOUN",0,BIAORI-01-07-0009,,お,弁,べん,当,とう,,,,,,,,,,,,,,,,,,,,,,,,,,,,,,,,,,,,,,,,,,,,,,,,,,,,,,,,,,,,,,,,,,,,,,,,,,,,,,,,,,,,,,,
そば,そば,荞麦面,,そば,soba,soba,"NOUN",1,BIAORI-01-07-0010,,そば,,,,,,,,,,,,,,,,,,,,,,,,,,,,,,,蕎,そ,麦,ば,,,,,,,,,,,,,,,,,,,,,,,,,,,,,,,,,,,,,,,,,,,,,,,,,,,,,,,,,
うどん,うどん,面条,,うどん,udon,udonn,"NOUN",0,BIAORI-01-07-0011,,うどん,,,,,,,,,,,,,,,,,,,,,,,,,,,,,,,,,,,,,,,,,,,,,,,,,,,,,,,,,,,,,,,,,,,,,,,,,,,,,,,,,,,,,,,,,,,
親子丼,親子丼,鸡肉鸡蛋盖饭,鸡肉亲子盖饭,おやこどん,oyakodomburi,oyakodonn,"NOUN",0,BIAORI-01-07-0012,,親,おや,子,こ,丼,どん,,,,,,,,,,,,,,,,,,,,,,,,,,,,,,,,,,,,,,,,,,,,,,,,,,,,,,,,,,,,,,,,,,,,,,,,,,,,,,,,,,,,,,
カレー,カレー,咖喱（饭）,,カレー,karē,kare-,"NOUN",0,BIAORI-01-07-0013,,カレー,,,,,,,,,,,,,,,,,,,,,,,,,,,,,,,,,,,,,,,,,,,,,,,,,,,,,,,,,,,,,,,,,,,,,,,,,,,,,,,,,,,,,,,,,,,
卵,卵,鸡蛋,,たまご,tamago,tamago,"NOUN",2,BIAORI-01-07-0014,,卵,たまご,,,,,,,,,,,,,,,,,,,,,,,,,,,,,,玉,たま,子,ご,,,,,,,,,,,,,,,,,,,,,,,,,,,,,,,,,,,,,,,,,,,,,,,,,,,,,,,,,
チーズ,チーズ,干酪,,チーズ,chīzu,chi-zu,"NOUN",1,BIAORI-01-07-0015,WARNING,チーズ,cheese,,,,,,,,,,,,,,,,,,,,,,,,,,,,,,,,,,,,,,,,,,,,,,,,,,,,,,,,,,,,,,,,,,,,,,,,,,,,,,,,,,,,,,,,,,
リンゴ,リンゴ,苹果,,リンゴ,ringo,rinngo,"NOUN",0,BIAORI-01-07-0016,WARNING,リンゴ,林檎,,,,,,,,,,,,,,,,,,,,,,,,,,,,,,林,りん,檎,ご,,,,,,,,,,,,,,,,,,,,,,,,,,,,,,,,,,,,,,,,,,,,,,,,,,,,,,,,,
イチゴ,イチゴ,草莓,,イチゴ,ichigo,ichigo,"NOUN",0,BIAORI-01-07-0017,WARNING,イチゴ,いちご,,,,,,,,,,,,,,,,,,,,,,,,,,,,,,苺,いちご,,,,,,,,,,,,,,,,,,,,,,,,,,,,,,,,,,,,,,,,,,,,,,,,,,,,,,,,,,,
そば屋,そば屋,荞麦面馆,,そばや,sobaya,sobaya,"NOUN",2,BIAORI-01-07-0018,,そば,屋,や,,,,,,,,,,,,,,,,,,,,,,,,,,,,,蕎,そ,麦,ば,屋,や,,,,,,,,,,,,,,,,,,,,,,,,,,,,,,,,,,,,,,,,,,,,,,,,,,,,,,,
テニス,テニス,网球,,テニス,tenisu,tenisu,"NOUN",1,BIAORI-01-07-0019,WARNING,テニス,tennis,,,,,,,,,,,,,,,,,,,,,,,,,,,,,,,,,,,,,,,,,,,,,,,,,,,,,,,,,,,,,,,,,,,,,,,,,,,,,,,,,,,,,,,,,,
ジョギング,ジョギング,慢跑，跑步,,ジョギング,jogingu,joginngu,"NOUN",0,BIAORI-01-07-0020,WARNING,ジョギング,,,,,,,,,,,,,,,,,,,,,,,,,,,,,,,,,,,,,,,,,,,,,,,,,,,,,,,,,,,,,,,,,,,,,,,,,,,,,,,,,,,,,,,,,,,
サッカー,サッカー,足球,,サッカー,sakkā,sakka-,"NOUN",1,BIAORI-01-07-0021,WARNING,サッカー,soccer,,,,,,,,,,,,,,,,,,,,,,,,,,,,,,,,,,,,,,,,,,,,,,,,,,,,,,,,,,,,,,,,,,,,,,,,,,,,,,,,,,,,,,,,,,
野球,野球,棒球,,やきゅう,yakyū,yakyuu,"NOUN",0,BIAORI-01-07-0022,,野,や,球,きゅう,,,,,,,,,,,,,,,,,,,,,,,,,,,,,,,,,,,,,,,,,,,,,,,,,,,,,,,,,,,,,,,,,,,,,,,,,,,,,,,,,,,,,,,,
申込書,申込書,申请书,,もう<ins>し</ins>こ<ins>み</ins>しょ,mōshikomisho,mou<ins>shi</ins>ko<ins>mi</ins>sho,"NOUN",0,BIAORI-01-07-0023,,申,もう<ins>し</ins>,込,こ<ins>み</ins>,書,しょ,,,,,,,,,,,,,,,,,,,,,,,,,,,,,,,,,,,,,,,,,,,,,,,,,,,,,,,,,,,,,,,,,,,,,,,,,,,,,,,,,,,,,,
手紙,手紙,信,,てがみ,tegami,tegami,"NOUN",0,BIAORI-01-07-0024,,手,て,紙,がみ,,,,,,,,,,,,,,,,,,,,,,,,,,,,,,,,,,,,,,,,,,,,,,,,,,,,,,,,,,,,,,,,,,,,,,,,,,,,,,,,,,,,,,,,
CD,CD,CD,,シーディー,CD,shi-dī,"NOUN",3,BIAORI-01-07-0025,,C,シー,D,ディー,,,,,,,,,,,,,,,,,,,,,,,,,,,,,,,,,,,,,,,,,,,,,,,,,,,,,,,,,,,,,,,,,,,,,,,,,,,,,,,,,,,,,,,,
音楽,音楽,音乐,,おんがく,ongaku,onngaku,"NOUN",1,BIAORI-01-07-0026,,音,おん,楽,がく,,,,,,,,,,,,,,,,,,,,,,,,,,,,,,,,,,,,,,,,,,,,,,,,,,,,,,,,,,,,,,,,,,,,,,,,,,,,,,,,,,,,,,,,
映画,映画,电影,,えいが,eiga,eiga,"NOUN",0,BIAORI-01-07-0027,,映,えい,画,が,,,,,,,,,,,,,,,,,,,,,,,,,,,,,,,,,,,,,,,,,,,,,,,,,,,,,,,,,,,,,,,,,,,,,,,,,,,,,,,,,,,,,,,,
動物園,動物園,动物园,,どうぶつえん,dōbutsuen,doubutsuenn,"NOUN",4,BIAORI-01-07-0028,,動,どう,物,ぶつ,園,えん,,,,,,,,,,,,,,,,,,,,,,,,,,,,,,,,,,,,,,,,,,,,,,,,,,,,,,,,,,,,,,,,,,,,,,,,,,,,,,,,,,,,,,
パンダ,パンダ,熊猫,,パンダ,panda,pannda,"NOUN",1,BIAORI-01-07-0029,WARNING,パンダ,panda,,,,,,,,,,,,,,,,,,,,,,,,,,,,,,,,,,,,,,,,,,,,,,,,,,,,,,,,,,,,,,,,,,,,,,,,,,,,,,,,,,,,,,,,,,
飲む,飲む,喝,,のむ,nomu,nomu,["VERB"|"GODAN"],null,BIAORI-01-07-0030,,飲,の,む,,,,,,,,,,,,,,,,,,,,,,,,,,,,,,,,,,,,,,,,,,,,,,,,,,,,,,,,,,,,,,,,,,,,,,,,,,,,,,,,,,,,,,,,,
買う,買う,买,,かう,kau,kau,["VERB"|"GODAN"],null,BIAORI-01-07-0031,,買,か,う,,,,,,,,,,,,,,,,,,,,,,,,,,,,,,,,,,,,,,,,,,,,,,,,,,,,,,,,,,,,,,,,,,,,,,,,,,,,,,,,,,,,,,,,,
撮る,撮る,拍照，拍摄,,とる,toru,toru,["VERB"|"GODAN"],null,BIAORI-01-07-0032,,撮,と,る,,,,,,,,,,,,,,,,,,,,,,,,,,,,,,,,,,,,,,,,,,,,,,,,,,,,,,,,,,,,,,,,,,,,,,,,,,,,,,,,,,,,,,,,,
書く,書く,写,,かく,kaku,kaku,["VERB"|"GODAN"],null,BIAORI-01-07-0033,,書,か,く,,,,,,,,,,,,,,,,,,,,,,,,,,,,,,,,,,,,,,,,,,,,,,,,,,,,,,,,,,,,,,,,,,,,,,,,,,,,,,,,,,,,,,,,,
読む,読む,读,,よむ,yomu,yomu,["VERB"|"GODAN"],null,BIAORI-01-07-0034,,読,よ,む,,,,,,,,,,,,,,,,,,,,,,,,,,,,,,,,,,,,,,,,,,,,,,,,,,,,,,,,,,,,,,,,,,,,,,,,,,,,,,,,,,,,,,,,,
聞く,聞く,听,,きく,kiku,kiku,["VERB"|"GODAN"],null,BIAORI-01-07-0035,,聞,き,く,,,,,,,,,,,,,,,,,,,,,,,,,,,,,,,,,,,,,,,,,,,,,,,,,,,,,,,,,,,,,,,,,,,,,,,,,,,,,,,,,,,,,,,,,
食べる,食べる,吃,,たべる,taberu,taberu,["VERB"|"SHIMOICHIDAN"],null,BIAORI-01-07-0036,,食,た,べる,,,,,,,,,,,,,,,,,,,,,,,,,,,,,,,,,,,,,,,,,,,,,,,,,,,,,,,,,,,,,,,,,,,,,,,,,,,,,,,,,,,,,,,,,
見る,見る,看,,みる,miru,miru,["VERB"|"KAMIICHIDAN"],null,BIAORI-01-07-0037,,見,み,る,,,,,,,,,,,,,,,,,,,,,,,,,,,,,,,,,,,,,,,,,,,,,,,,,,,,,,,,,,,,,,,,,,,,,,,,,,,,,,,,,,,,,,,,,
する,する,干酪,,する,suru,suru,["VERB"|"SAHEN"],null,BIAORI-01-07-0038,,する,,,,,,,,,,,,,,,,,,,,,,,,,,,,,,,,,,,,,,,,,,,,,,,,,,,,,,,,,,,,,,,,,,,,,,,,,,,,,,,,,,,,,,,,,,,
掃除する,掃除する,打扫，扫除,,そうじする,sōjisuru,soujisuru,["VERB"|"SAHEN"],null,BIAORI-01-07-0039,,掃,そう,除,じ,する,,,,,,,,,,,,,,,,,,,,,,,,,,,,,,,,,,,,,,,,,,,,,,,,,,,,,,,,,,,,,,,,,,,,,,,,,,,,,,,,,,,,,,,
けれから,けれから,从现在起，今后,,けれから,kerekara,kerekara,"ADV",0,BIAORI-01-07-0040,,けれから,,,,,,,,,,,,,,,,,,,,,,,,,,,,,,,,,,,,,,,,,,,,,,,,,,,,,,,,,,,,,,,,,,,,,,,,,,,,,,,,,,,,,,,,,,,
じゃあ,じゃあ,那么,仅用于口语,じゃあ,jā,jaa,"CONJ",1,BIAORI-01-07-0041,,じゃあ,,,,,,,,,,,,,,,,,,,,,,,,,,,,,,,,,,,,,,,,,,,,,,,,,,,,,,,,,,,,,,,,,,,,,,,,,,,,,,,,,,,,,,,,,,,
では,では,那么,可同时用作书面语和口语,では,dewa,deha,"CONJ",1,BIAORI-01-07-0042,,では,,,,,,,,,,,,,,,,,,,,,,,,,,,,,,,,,,,,,,,,,,,,,,,,,,,,,,,,,,,,,,,,,,,,,,,,,,,,,,,,,,,,,,,,,,,
いらっしゃいませ,いらっしゃいませ,欢迎光临,,いらっしゃいませ,irasshaimase,irasshaimase,"IDIOM",6,BIAORI-01-07-0043,,いらっしゃいませ,,,,,,,,,,,,,,,,,,,,,,,,,,,,,,,,,,,,,,,,,,,,,,,,,,,,,,,,,,,,,,,,,,,,,,,,,,,,,,,,,,,,,,,,,,,
失礼します,失礼します,告辞了，我走了,要失礼了,しつれいします,shitsureishimasu,shitsureishimasu,"IDIOM",2,BIAORI-01-07-0044,,失,しつ,礼,れい,します,,,,,,,,,,,,,,,,,,,,,,,,,,,,,,,,,,,,,,,,,,,,,,,,,,,,,,,,,,,,,,,,,,,,,,,,,,,,,,,,,,,,,,,
失礼しました,失礼しました,打搅了，失礼了,已经失礼过了,しつれいしました,shitsureishimashita,shitsureishimashita,"IDIOM",2,BIAORI-01-07-0045,,失,しつ,礼,れい,しました,,,,,,,,,,,,,,,,,,,,,,,,,,,,,,,,,,,,,,,,,,,,,,,,,,,,,,,,,,,,,,,,,,,,,,,,,,,,,,,,,,,,,,,
いってまいります,いってまいります,我走了,,いってまいります,itsutemairimasu,ittemairimasu,"IDIOM",7,BIAORI-01-07-0046,,いってまいります,,,,,,,,,,,,,,,,,,,,,,,,,,,,,,,行,い,ってまいります,,,,,,,,,,,,,,,,,,,,,,,,,,,,,,,,,,,,,,,,,,,,,,,,,,,,,,,,,,
いってきます,いってきます,我走了,,いってきます,itsutekimasu,ittekimasu,"IDIOM",5,BIAORI-01-07-0047,,いってきます,,,,,,,,,,,,,,,,,,,,,,,,,,,,,,,行,い,ってきます,,,,,,,,,,,,,,,,,,,,,,,,,,,,,,,,,,,,,,,,,,,,,,,,,,,,,,,,,,
いってらっしゃい,いってらっしゃい,你走好,,いってらっしゃい,itsuterasshai,itterasshai,"IDIOM",6,BIAORI-01-07-0048,,いってらっしゃい,,,,,,,,,,,,,,,,,,,,,,,,,,,,,,,行,い,ってらっしゃい,,,,,,,,,,,,,,,,,,,,,,,,,,,,,,,,,,,,,,,,,,,,,,,,,,,,,,,,,,
ただいま,ただいま,我回来了,,ただいま,tadaima,tadaima,"IDIOM",4,BIAORI-01-07-0049,,ただいま,,,,,,,,,,,,,,,,,,,,,,,,,,,,,,,,,,,,,,,,,,,,,,,,,,,,,,,,,,,,,,只,ただ,今,いま,,,,,,,,,,,,,,,,,,,,,,,,,,
お帰りなさい,お帰りなさい,你回来了,,おかえりなさい,okaerinasai,okaerinasai,"IDIOM",6,BIAORI-01-07-0050,,お,帰,かえ,りなさい,,,,,,,,,,,,,,,,,,,,,,,,,,,,,,,,,,,,,,,,,,,,,,,,,,,,,,,,,,,,,,,,,,,,,,,,,,,,,,,,,,,,,,,,
かしこまりました,かしこまりました,我知道了,,かしこまりました,kashikomarimashita,kashikomarimashita,"IDIOM",6,BIAORI-01-07-0051,,かしこまりました,,,,,,,,,,,,,,,,,,,,,,,,,,,,,,,畏,かしこ,まりました,,,,,,,,,,,,,,,,,,,,,,,,,,,,,,,,,,,,,,,,,,,,,,,,,,,,,,,,,,
お邪魔します,お邪魔します,打扰了,,おじゃまします,ojamashimasu,ojamashimasu,"IDIOM",5,BIAORI-01-07-0052,,お,邪,じゃ,魔,ま,します,,,,,,,,,,,,,,,,,,,,,,,,,,,,,,,,,,,,,,,,,,,,,,,,,,,,,,,,,,,,,,,,,,,,,,,,,,,,,,,,,,,,,,
ください,ください,给我,,ください,kudasai,kudasai,"IDIOM",3,BIAORI-01-07-0053,,ください,,,,,,,,,,,,,,,,,,,,,,,,,,,,,,,下,くだ,さい,,,,,,,,,,,,,,,,,,,,,,,,,,,,,,,,,,,,,,,,,,,,,,,,,,,,,,,,,,
午前中,午前中,上午,,ごぜんちゅう,gozennaka,gozennchuu,"IDIOM",0,BIAORI-01-07-0054,,午,ご,前,ぜん,中,ちゅう,,,,,,,,,,,,,,,,,,,,,,,,,,,,,,,,,,,,,,,,,,,,,,,,,,,,,,,,,,,,,,,,,,,,,,,,,,,,,,,,,,,,,,
プレゼント,プレゼント,礼物,,プレゼント,purezento,purezennto,"NOUN",2,BIAORI-01-08-0001,,プレゼント,,,,,,,,,,,,,,,,,,,,,,,,,,,,,,,,,,,,,,,,,,,,,,,,,,,,,,,,,,,,,,,,,,,,,,,,,,,,,,,,,,,,,,,,,,,
チケット,チケット,票,,チケット,chiketto,chiketto,"NOUN",1,BIAORI-01-08-0002,WARNING,チケット,ticket,,,,,,,,,,,,,,,,,,,,,,,,,,,,,,,,,,,,,,,,,,,,,,,,,,,,,,,,,,,,,,,,,,,,,,,,,,,,,,,,,,,,,,,,,,
パンフレット,パンフレット,小册子,,パンフレット,panfuretto,pannfuretto,"NOUN",1,BIAORI-01-08-0003,,パンフレット,,,,,,,,,,,,,,,,,,,,,,,,,,,,,,,,,,,,,,,,,,,,,,,,,,,,,,,,,,,,,,,,,,,,,,,,,,,,,,,,,,,,,,,,,,,
記念品,記念品,纪念品,,きねんひん,kinenhin,kinennhin,"NOUN",0,BIAORI-01-08-0004,,記,き,念,ねん,品,ひん,,,,,,,,,,,,,,,,,,,,,,,,,,,,,,,,,,,,,,,,,,,,,,,,,,,,,,,,,,,,,,,,,,,,,,,,,,,,,,,,,,,,,,
スケジュール表,スケジュール表,日程表,,スケジュールひょう,sukejūruhyō,sukeju-ruhyou,"NOUN",0,BIAORI-01-08-0005,,スケジュール,表,ひょう,,,,,,,,,,,,,,,,,,,,,,,,,,,,,,,,,,,,,,,,,,,,,,,,,,,,,,,,,,,,,,,,,,,,,,,,,,,,,,,,,,,,,,,,,
写真集,写真集,影集,,しゃしんしゅう,shashinshū,shashinnshuu,"NOUN",2,BIAORI-01-08-0006,,写,しゃ,真,しん,集,しゅう,,,,,,,,,,,,,,,,,,,,,,,,,,,,,,,,,,,,,,,,,,,,,,,,,,,,,,,,,,,,,,,,,,,,,,,,,,,,,,,,,,,,,,
花,花,花,,はな,hana,hana,"NOUN",2,BIAORI-01-08-0007,,花,はな,,,,,,,,,,,,,,,,,,,,,,,,,,,,,,,,,,,,,,,,,,,,,,,,,,,,,,,,,,,,,,,,,,,,,,,,,,,,,,,,,,,,,,,,,,
お金,お金,钱，金钱,,おかね,okane,okane,"NOUN",0,BIAORI-01-08-0008,,お,金,かね,,,,,,,,,,,,,,,,,,,,,,,,,,,,,,,,,,,,,,,,,,,,,,,,,,,,,,,,,,,,,,,,,,,,,,,,,,,,,,,,,,,,,,,,,
ボールペン,ボールペン,圆珠笔,,ボールペン,bōrupen,bo-rupenn,"NOUN",0,BIAORI-01-08-0009,,ボールペン,,,,,,,,,,,,,,,,,,,,,,,,,,,,,,,,,,,,,,,,,,,,,,,,,,,,,,,,,,,,,,,,,,,,,,,,,,,,,,,,,,,,,,,,,,,
宿題,宿題,作业,,しゅくだい,shukudai,shukudai,"NOUN",0,BIAORI-01-08-0010,,宿,しゅく,題,だい,,,,,,,,,,,,,,,,,,,,,,,,,,,,,,,,,,,,,,,,,,,,,,,,,,,,,,,,,,,,,,,,,,,,,,,,,,,,,,,,,,,,,,,,
航空便,航空便,航空邮件,,こうくうびん,kōkūbin,koukuubinn,"NOUN",0,BIAORI-01-08-0011,,航,こう,空,くう,便,びん,,,,,,,,,,,,,,,,,,,,,,,,,,,,,,,,,,,,,,,,,,,,,,,,,,,,,,,,,,,,,,,,,,,,,,,,,,,,,,,,,,,,,,
速達,速達,速递，快件,,そくたつ,sokutatsu,sokutatsu,"NOUN",0,BIAORI-01-08-0012,,速,そく,達,たつ,,,,,,,,,,,,,,,,,,,,,,,,,,,,,,,,,,,,,,,,,,,,,,,,,,,,,,,,,,,,,,,,,,,,,,,,,,,,,,,,,,,,,,,,
ファックス,ファックス,传真,,ファックス,fakkusu,fakkusu,"NOUN",1,BIAORI-01-08-0013,WARNING,ファックス,fax,,,,,,,,,,,,,,,,,,,,,,,,,,,,,,,,,,,,,,,,,,,,,,,,,,,,,,,,,,,,,,,,,,,,,,,,,,,,,,,,,,,,,,,,,,
メール,メール,邮件,,メール,mēru,me-ru,"NOUN",0,BIAORI-01-08-0014,WARNING,メール,mail,,,,,,,,,,,,,,,,,,,,,,,,,,,,,,,,,,,,,,,,,,,,,,,,,,,,,,,,,,,,,,,,,,,,,,,,,,,,,,,,,,,,,,,,,,
電話番号,電話番号,电话号码,,でんわばんごう,denwabangō,dennwabangou,"NOUN",4,BIAORI-01-08-0015,,電,でん,話,わ,番,ばん,号,ごう,,,,,,,,,,,,,,,,,,,,,,,,,,,,,,,,,,,,,,,,,,,,,,,,,,,,,,,,,,,,,,,,,,,,,,,,,,,,,,,,,,,,
住所,住所,住址,,じゅうしょ,jūsho,juusho,"NOUN",1,BIAORI-01-08-0016,,住,じゅう,所,しょ,,,,,,,,,,,,,,,,,,,,,,,,,,,,,,,,,,,,,,,,,,,,,,,,,,,,,,,,,,,,,,,,,,,,,,,,,,,,,,,,,,,,,,,,
名前,名前,姓名,名前,なまえ,namae,namae,"NOUN",0,BIAORI-01-08-0017,,名,な,前,まえ,,,,,,,,,,,,,,,,,,,,,,,,,,,,,,,,,,,,,,,,,,,,,,,,,,,,,,,,,,,,,,,,,,,,,,,,,,,,,,,,,,,,,,,,
件,件,事件，事情,,けん,ken,kenn,"NOUN",1,BIAORI-01-08-0018,,件,けん,,,,,,,,,,,,,,,,,,,,,,,,,,,,,,,,,,,,,,,,,,,,,,,,,,,,,,,,,,,,,,,,,,,,,,,,,,,,,,,,,,,,,,,,,,
新聞紙,新聞紙,报纸,,しんぶんし,shimbunshi,shinmbunshi,"NOUN",3,BIAORI-01-08-0019,,新,しん,聞,ぶん,紙,し,,,,,,,,,,,,,,,,,,,,,,,,,,,,,,,,,,,,,,,,,,,,,,,,,,,,,,,,,,,,,,,,,,,,,,,,,,,,,,,,,,,,,,
紙飛行機,紙飛行機,纸折的飞机,,かみひこうき,kamihikōki,kamihikouki,"NOUN",4,BIAORI-01-08-0020,,紙,かみ,飛,ひ,行,こう,機,き,,,,,,,,,,,,,,,,,,,,,,,,,,,,,,,,,,,,,,,,,,,,,,,,,,,,,,,,,,,,,,,,,,,,,,,,,,,,,,,,,,,,
チョコレート,チョコレート,巧克力,,チョコレート,chokorēto,chokore-to,"NOUN",3,BIAORI-01-08-0021,WARNING,チョコレート,chocolate,,,,,,,,,,,,,,,,,,,,,,,,,,,,,,,,,,,,,,,,,,,,,,,,,,,,,,,,,,,,,,,,,,,,,,,,,,,,,,,,,,,,,,,,,,
アイスクリーム,アイスクリーム,冰激淋,,アイスクリーム,aisukurīmu,aisukuri-mu,"NOUN",5,BIAORI-01-08-0022,WARNING,アイスクリーム,ice cream,,,,,,,,,,,,,,,,,,,,,,,,,,,,,,,,,,,,,,,,,,,,,,,,,,,,,,,,,,,,,,,,,,,,,,,,,,,,,,,,,,,,,,,,,,
小麦粉,小麦粉,面粉,,こむぎこ,komugiko,komugiko,"NOUN",0,BIAORI-01-08-0023,,小,こ,麦,むぎ,粉,こ,,,,,,,,,,,,,,,,,,,,,,,,,,,,,,,,,,,,,,,,,,,,,,,,,,,,,,,,,,,,,,,,,,,,,,,,,,,,,,,,,,,,,,
はし,はし,筷子,,はし,hashi,hashi,"NOUN",1,BIAORI-01-08-0024,,はし,,,,,,,,,,,,,,,,,,,,,,,,,,,,,,,箸,はし,,,,,,,,,,,,,,,,,,,,,,,,,,,,,,,,,,,,,,,,,,,,,,,,,,,,,,,,,,,
スプーン,スプーン,勺子,,スプーン,supūn,supu-nn,"NOUN",2,BIAORI-01-08-0025,WARNING,スプーン,sports,,,,,,,,,,,,,,,,,,,,,,,,,,,,,,,,,,,,,,,,,,,,,,,,,,,,,,,,,,,,,,,,,,,,,,,,,,,,,,,,,,,,,,,,,,
お兄さん,お兄さん,哥哥,,おにいさん,onīsan,oniisann,"NOUN",2,BIAORI-01-08-0026,,お,兄,にい,さん,,,,,,,,,,,,,,,,,,,,,,,,,,,,,,,,,,,,,,,,,,,,,,,,,,,,,,,,,,,,,,,,,,,,,,,,,,,,,,,,,,,,,,,,
韓国語,韓国語,韩语,,かんこくご,kankokugo,kannkokugo,"NOUN",0,BIAORI-01-08-0027,,韓,かん,国,こく,語,ご,,,,,,,,,,,,,,,,,,,,,,,,,,,,,,,,,,,,,,,,,,,,,,,,,,,,,,,,,,,,,,,,,,,,,,,,,,,,,,,,,,,,,,
夕方,夕方,傍晚,,ゆうがた,yūgata,yuugata,"NOUN",0,BIAORI-01-08-0028,,夕,ゆう,方,がた,,,,,,,,,,,,,,,,,,,,,,,,,,,,,,,,,,,,,,,,,,,,,,,,,,,,,,,,,,,,,,,,,,,,,,,,,,,,,,,,,,,,,,,,
昼休み,昼休み,午休,,ひるやすみ,hiruyasumi,hiruyasumi,"NOUN",3,BIAORI-01-08-0029,,昼,ひる,休,やす,み,,,,,,,,,,,,,,,,,,,,,,,,,,,,,,,,,,,,,,,,,,,,,,,,,,,,,,,,,,,,,,,,,,,,,,,,,,,,,,,,,,,,,,,
もらう,もらう,拿到，得到,,もらう,morau,morau,["VERB"|"GODAN"],null,BIAORI-01-08-0030,,もらう,,,,,,,,,,,,,,,,,,,,,,,,,,,,,,,,,,,,,,,,,,,,,,,,,,,,,,,,,,,,,,,,,,,,,,,,,,,,,,,,,,,,,,,,,,,
会う,会う,见,,あう,au,au,["VERB"|"GODAN"],null,BIAORI-01-08-0031,,会,あ,う,,,,,,,,,,,,,,,,,,,,,,,,,,,,,,,,,,,,,,,,,,,,,,,,,,,,,,,,,,,,,,,,,,,,,,,,,,,,,,,,,,,,,,,,,
送る,送る,寄,,おくる,okuru,okuru,["VERB"|"GODAN"],null,BIAORI-01-08-0032,,送,おく,る,,,,,,,,,,,,,,,,,,,,,,,,,,,,,,,,,,,,,,,,,,,,,,,,,,,,,,,,,,,,,,,,,,,,,,,,,,,,,,,,,,,,,,,,,
作る,作る,做，制造,,つくる,tsukuru,tsukuru,["VERB"|"GODAN"],null,BIAORI-01-08-0033,,作,つく,る,,,,,,,,,,,,,,,,,,,,,,,,,,,,,,,,,,,,,,,,,,,,,,,,,,,,,,,,,,,,,,,,,,,,,,,,,,,,,,,,,,,,,,,,,
太る,太る,胖,,ふとる,futoru,futoru,["VERB"|"GODAN"],null,BIAORI-01-08-0034,,太,ふと,る,,,,,,,,,,,,,,,,,,,,,,,,,,,,,,,,,,,,,,,,,,,,,,,,,,,,,,,,,,,,,,,,,,,,,,,,,,,,,,,,,,,,,,,,,
出す,出す,寄（信）,,だす,dasu,dasu,["VERB"|"GODAN"],null,BIAORI-01-08-0035,,出,だ,す,,,,,,,,,,,,,,,,,,,,,,,,,,,,,,,,,,,,,,,,,,,,,,,,,,,,,,,,,,,,,,,,,,,,,,,,,,,,,,,,,,,,,,,,,
届く,届く,收到，送到，寄到,,とどく,todoku,todoku,["VERB"|"GODAN"],null,BIAORI-01-08-0036,,届,とど,く,,,,,,,,,,,,,,,,,,,,,,,,,,,,,,,,,,,,,,,,,,,,,,,,,,,,,,,,,,,,,,,,,,,,,,,,,,,,,,,,,,,,,,,,,
かく,かく,画,,かく,kaku,kaku,["VERB"|"GODAN"],null,BIAORI-01-08-0037,,かく,,,,,,,,,,,,,,,,,,,,,,,,,,,,,,,描,か,く,,,,,,,,,,,,,,,,,,,,,,,,,,,,,,,,,,,,,,,,,,,,,,,,,,,,,,,,,,
貸す,貸す,借出，借给,,かす,kasu,kasu,["VERB"|"GODAN"],null,BIAORI-01-08-0038,,貸,か,す,,,,,,,,,,,,,,,,,,,,,,,,,,,,,,,,,,,,,,,,,,,,,,,,,,,,,,,,,,,,,,,,,,,,,,,,,,,,,,,,,,,,,,,,,
習う,習う,学习,,ならう,narau,narau,["VERB"|"GODAN"],null,BIAORI-01-08-0039,,習,なら,う,,,,,,,,,,,,,,,,,,,,,,,,,,,,,,,,,,,,,,,,,,,,,,,,,,,,,,,,,,,,,,,,,,,,,,,,,,,,,,,,,,,,,,,,,
あげる,あげる,给,,あげる,ageru,ageru,["VERB"|"SHIMOICHIDAN"],null,BIAORI-01-08-0040,,あげる,,,,,,,,,,,,,,,,,,,,,,,,,,,,,,,上,あ,げる,,,,,,,,,,,,,,,,,,,,,,,,,,,,,,,,,,,,,,,,,,,,,,,,,,,,,,,,,,
かける,かける,打（电话）,,かける,kakeru,kakeru,["VERB"|"SHIMOICHIDAN"],null,BIAORI-01-08-0041,,かける,,,,,,,,,,,,,,,,,,,,,,,,,,,,,,,掛,か,ける,,,,,,,,,,,,,,,,,,,,,,,,,,,,,,,,,,,,,,,,,,,,,,,,,,,,,,,,,,
借りる,借りる,（向别人）借,,かりる,kariru,kariru,["VERB"|"KAMIICHIDAN"],null,BIAORI-01-08-0042,,借,か,りる,,,,,,,,,,,,,,,,,,,,,,,,,,,,,,,,,,,,,,,,,,,,,,,,,,,,,,,,,,,,,,,,,,,,,,,,,,,,,,,,,,,,,,,,,
教える,教える,教,,おしえる,oshieru,oshieru,["VERB"|"SHIMOICHIDAN"],null,BIAORI-01-08-0043,,教,おし,える,,,,,,,,,,,,,,,,,,,,,,,,,,,,,,,,,,,,,,,,,,,,,,,,,,,,,,,,,,,,,,,,,,,,,,,,,,,,,,,,,,,,,,,,,
もう,もう,已经,,もう,mō,mou,"ADV",1,BIAORI-01-08-0044,,もう,,,,,,,,,,,,,,,,,,,,,,,,,,,,,,,,,,,,,,,,,,,,,,,,,,,,,,,,,,,,,,,,,,,,,,,,,,,,,,,,,,,,,,,,,,,
さっき,さっき,刚才,,さっき,sakki,sakki,"ADV",1,BIAORI-01-08-0045,,さっき,,,,,,,,,,,,,,,,,,,,,,,,,,,,,,,,,,,,,,,,,,,,,,,,,,,,,,,,,,,,,,,,,,,,,,,,,,,,,,,,,,,,,,,,,,,
たった今,たった今,刚刚,,たったいま,tattaima,tattaima,"ADV",4,BIAORI-01-08-0046,,たった,今,いま,,,,,,,,,,,,,,,,,,,,,,,,,,,,,,,,,,,,,,,,,,,,,,,,,,,,,,,,,,,,,,,,,,,,,,,,,,,,,,,,,,,,,,,,,
もう一度,もう一度,再一次,,もういちど,mōichido,mouichido,"ADV",0,BIAORI-01-08-0047,,もう,一,いち,度,ど,,,,,,,,,,,,,,,,,,,,,,,,,,,,,,,,,,,,,,,,,,,,,,,,,,,,,,,,,,,,,,,,,,,,,,,,,,,,,,,,,,,,,,,
前に,前に,以前,,まえに,maeni,maeni,"ADV",1,BIAORI-01-08-0048,,前,まえ,に,,,,,,,,,,,,,,,,,,,,,,,,,,,,,,,,,,,,,,,,,,,,,,,,,,,,,,,,,,,,,,,,,,,,,,,,,,,,,,,,,,,,,,,,,
陳,陳,陈,,ちん,chin,chinn,"PROPER",1,BIAORI-01-08-0049,,陳,ちん,,,,,,,,,,,,,,,,,,,,,,,,,,,,,,,,,,,,,,,,,,,,,,,,,,,,,,,,,,,,,,,,,,,,,,,,,,,,,,,,,,,,,,,,,,
どうですか,どうですか,怎样，如何,,どうですか,dōdesuka,doudesuka,"IDIOM",1,BIAORI-01-08-0050,,どうですか,,,,,,,,,,,,,,,,,,,,,,,,,,,,,,,,,,,,,,,,,,,,,,,,,,,,,,,,,,,,,,,,,,,,,,,,,,,,,,,,,,,,,,,,,,,
お願いします,お願いします,拜托了,,おねがいします,onegaishimasu,onegaishimasu,"IDIOM",6,BIAORI-01-08-0051,,お,願,ねが,いします,,,,,,,,,,,,,,,,,,,,,,,,,,,,,,,,,,,,,,,,,,,,,,,,,,,,,,,,,,,,,,,,,,,,,,,,,,,,,,,,,,,,,,,,
分かりました,分かりました,明白了,,わかりました,wakarimashita,wakarimashita,"IDIOM",4,BIAORI-01-08-0052,,分,わ,かりました,,,,,,,,,,,,,,,,,,,,,,,,,,,,,,,,,,,,,,,,,,,,,,,,,,,,,,,,,,,,,,,,,,,,,,,,,,,,,,,,,,,,,,,,,
よかったです,よかったです,太好了,,よかったです,yokattadesu,yokattadesu,"IDIOM",1,BIAORI-01-08-0053,,よかったです,,,,,,,,,,,,,,,,,,,,,,,,,,,,,,,良,よ,かったです,,,,,,,,,,,,,,,,,,,,,,,,,,,,,,,,,,,,,,,,,,,,,,,,,,,,,,,,,,
様,様,（~样）,尊敬的人称后缀，可用于替换～さん,さま,yō,sama,"IDIOM",null,BIAORI-01-08-0054,,様,さま,,,,,,,,,,,,,,,,,,,,,,,,,,,,,,,,,,,,,,,,,,,,,,,,,,,,,,,,,,,,,,,,,,,,,,,,,,,,,,,,,,,,,,,,,,
荷物,荷物,包裹,,にもつ,nimotsu,nimotsu,"NOUN",1,BIAORI-01-13-0001,,荷,に,物,もつ,,,,,,,,,,,,,,,,,,,,,,,,,,,,,,,,,,,,,,,,,,,,,,,,,,,,,,,,,,,,,,,,,,,,,,,,,,,,,,,,,,,,,,,,
はがき,はがき,明信片,,はがき,hagaki,hagaki,"NOUN",0,BIAORI-01-13-0002,,はがき,,,,,,,,,,,,,,,,,,,,,,,,,,,,,,,葉,は,書,がき,,,,,,,,,,,,,,,,,,,,,,,,,,,,,,,,,,,,,,,,,,,,,,,,,,,,,,,,,
切手,切手,邮票,,きって,kitte,kitte,"NOUN",0,BIAORI-01-13-0003,,切,きっ,手,て,,,,,,,,,,,,,,,,,,,,,,,,,,,,,,,,,,,,,,,,,,,,,,,,,,,,,,,,,,,,,,,,,,,,,,,,,,,,,,,,,,,,,,,,
引き出し,引き出し,抽屉,,ひきだし,hikidashi,hikidashi,"NOUN",0,BIAORI-01-13-0004,,引,ひ,き,出,だ,し,,,,,,,,,,,,,,,,,,,,,,,,,,,,,,,,,,,,,,,,,,,,,,,,,,,,,,,,,,,,,,,,,,,,,,,,,,,,,,,,,,,,,,
アルバム,アルバム,相册,,アルバム,arubamu,arubamu,"NOUN",0,BIAORI-01-13-0005,WARNING,アルバム,album,,,,,,,,,,,,,,,,,,,,,,,,,,,,,,,,,,,,,,,,,,,,,,,,,,,,,,,,,,,,,,,,,,,,,,,,,,,,,,,,,,,,,,,,,,
タバコ,タバコ,烟，烟草,,タバコ,tabako,tabako,"NOUN",0,BIAORI-01-13-0006,WARNING,タバコ,tabacco,,,,,,,,,,,,,,,,,,,,,,,,,,,,,,,,,,,,,,,,,,,,,,,,,,,,,,,,,,,,,,,,,,,,,,,,,,,,,,,,,,,,,,,,,,
漫画,漫画,漫画,,まんが,manga,mannga,"NOUN",0,BIAORI-01-13-0007,,漫,まん,画,が,,,,,,,,,,,,,,,,,,,,,,,,,,,,,,,,,,,,,,,,,,,,,,,,,,,,,,,,,,,,,,,,,,,,,,,,,,,,,,,,,,,,,,,,
ガレージ,ガレージ,车库，汽车房,,ガレージ,garēji,gare-ji,"NOUN",2,BIAORI-01-13-0008,WARNING,ガレージ,garage,,,,,,,,,,,,,,,,,,,,,,,,,,,,,,,,,,,,,,,,,,,,,,,,,,,,,,,,,,,,,,,,,,,,,,,,,,,,,,,,,,,,,,,,,,
修理,修理,修理,,しゅうり,shūri,shuuri,"NOUN",1,BIAORI-01-13-0009,,修,しゅう,理,り,,,,,,,,,,,,,,,,,,,,,,,,,,,,,,,,,,,,,,,,,,,,,,,,,,,,,,,,,,,,,,,,,,,,,,,,,,,,,,,,,,,,,,,,
居酒屋,居酒屋,酒馆,,いざかや,izakaya,izakaya,"NOUN",0,BIAORI-01-13-0010,,居,い,酒,ざか,屋,や,,,,,,,,,,,,,,,,,,,,,,,,,,,,,,,,,,,,,,,,,,,,,,,,,,,,,,,,,,,,,,,,,,,,,,,,,,,,,,,,,,,,,,
生ビール,生ビール,生啤,,なまビール,namabīru,namabi-ru,"NOUN",3,BIAORI-01-13-0011,,生,なま,ビール,,,,,,,,,,,,,,,,,,,,,,,,,,,,,,,,,,,,,,,,,,,,,,,,,,,,,,,,,,,,,,,,,,,,,,,,,,,,,,,,,,,,,,,,,
焼き鳥,焼き鳥,烤鸡肉串,,やきとり,yakitori,yakitori,"NOUN",0,BIAORI-01-13-0012,,焼,や,き,鳥,とり,,,,,,,,,,,,,,,,,,,,,,,,,,,,,,,,,,,,,,,,,,,,,,,,,,,,,,,,,,,,,,,,,,,,,,,,,,,,,,,,,,,,,,,
唐揚げ,唐揚げ,炸鸡，油炸食品,,からあげ,tōage,karaage,"NOUN",0,BIAORI-01-13-0013,,唐,から,揚,あ,げ,,,,,,,,,,,,,,,,,,,,,,,,,,,,,,,,,,,,,,,,,,,,,,,,,,,,,,,,,,,,,,,,,,,,,,,,,,,,,,,,,,,,,,,
肉じゃが,肉じゃが,土豆炖肉,,にくじゃが,nikujaga,nikujaga,"NOUN",0,BIAORI-01-13-0014,,肉,にく,じゃが,,,,,,,,,,,,,,,,,,,,,,,,,,,,,,,,,,,,,,,,,,,,,,,,,,,,,,,,,,,,,,,,,,,,,,,,,,,,,,,,,,,,,,,,,
ボーリング,ボーリング,保龄球,,ボーリング,bōringu,bo-rinngu,"NOUN",0,BIAORI-01-13-0015,WARNING,ボーリング,bowling,,,,,,,,,,,,,,,,,,,,,,,,,,,,,,,,,,,,,,,,,,,,,,,,,,,,,,,,,,,,,,,,,,,,,,,,,,,,,,,,,,,,,,,,,,
髪,髪,头发,,かみ,kami,kami,"NOUN",2,BIAORI-01-13-0016,,髪,かみ,,,,,,,,,,,,,,,,,,,,,,,,,,,,,,,,,,,,,,,,,,,,,,,,,,,,,,,,,,,,,,,,,,,,,,,,,,,,,,,,,,,,,,,,,,
象,象,象，大象,,ぞう,zō,zou,"NOUN",1,BIAORI-01-13-0017,,象,ぞう,,,,,,,,,,,,,,,,,,,,,,,,,,,,,,,,,,,,,,,,,,,,,,,,,,,,,,,,,,,,,,,,,,,,,,,,,,,,,,,,,,,,,,,,,,
昼,昼,白天，中午,,ひる,hiru,hiru,"NOUN",2,BIAORI-01-13-0018,,昼,ひる,,,,,,,,,,,,,,,,,,,,,,,,,,,,,,,,,,,,,,,,,,,,,,,,,,,,,,,,,,,,,,,,,,,,,,,,,,,,,,,,,,,,,,,,,,
ほか,ほか,另外，其他,,ほか,hoka,hoka,"NOUN",0,BIAORI-01-13-0019,,ほか,,,,,,,,,,,,,,,,,,,,,,,,,,,,,,,他,ほか,,,,,,,,,,,,,,,,,,,,,,,,,,,,,,,,,,,,,,,,,,,,,,,,,,,,,,,,,,,
かかる,かかる,花费（时间，金钱）,,かかる,kakaru,kakaru,["VERB"|"GODAN"],null,BIAORI-01-13-0020,,かかる,,,,,,,,,,,,,,,,,,,,,,,,,,,,,,,掛,か,かる,,,,,,,,,,,,,,,,,,,,,,,,,,,,,,,,,,,,,,,,,,,,,,,,,,,,,,,,,,
咲く,咲く,花开,,さく,saku,saku,["VERB"|"GODAN"],null,BIAORI-01-13-0021,,咲,さ,く,,,,,,,,,,,,,,,,,,,,,,,,,,,,,,,,,,,,,,,,,,,,,,,,,,,,,,,,,,,,,,,,,,,,,,,,,,,,,,,,,,,,,,,,,
泳ぐ,泳ぐ,游泳,,およぐ,oyogu,oyogu,["VERB"|"GODAN"],null,BIAORI-01-13-0022,,泳,およ,ぐ,,,,,,,,,,,,,,,,,,,,,,,,,,,,,,,,,,,,,,,,,,,,,,,,,,,,,,,,,,,,,,,,,,,,,,,,,,,,,,,,,,,,,,,,,
遊ぶ,遊ぶ,玩，玩耍,,あそぶ,asobu,asobu,["VERB"|"GODAN"],null,BIAORI-01-13-0023,,遊,あそ,ぶ,,,,,,,,,,,,,,,,,,,,,,,,,,,,,,,,,,,,,,,,,,,,,,,,,,,,,,,,,,,,,,,,,,,,,,,,,,,,,,,,,,,,,,,,,
吸う,吸う,吸（烟）,,すう,suu,suu,["VERB"|"GODAN"],null,BIAORI-01-13-0024,,吸,す,う,,,,,,,,,,,,,,,,,,,,,,,,,,,,,,,,,,,,,,,,,,,,,,,,,,,,,,,,,,,,,,,,,,,,,,,,,,,,,,,,,,,,,,,,,
切る,切る,剪，切，割,,きる,kiru,kiru,["VERB"|"GODAN"],null,BIAORI-01-13-0025,,切,き,る,,,,,,,,,,,,,,,,,,,,,,,,,,,,,,,,,,,,,,,,,,,,,,,,,,,,,,,,,,,,,,,,,,,,,,,,,,,,,,,,,,,,,,,,,
だいたい,だいたい,大约，大概，大体,,だいたい,daitai,daitai,"ADV",0,BIAORI-01-13-0026,,だいたい,,,,,,,,,,,,,,,,,,,,,,,,,,,,,,,大,だい,体,たい,,,,,,,,,,,,,,,,,,,,,,,,,,,,,,,,,,,,,,,,,,,,,,,,,,,,,,,,,
とりあえず,とりあえず,暂且,,とりあえず,toriaezu,toriaezu,"ADV",3,BIAORI-01-13-0027,,とりあえず,,,,,,,,,,,,,,,,,,,,,,,,,,,,,,,取,と,りあえず,,,,,,,,,,,,,,,,,,,,,,,,,,,,,,,,,,,,,,,,,,,,,,,,,,,,,,,,,,
どのぐらい,どのぐらい,多久，多少钱,どのぐらい,どのぐらい,donogurai,donogurai,"IDIOM",0,BIAORI-01-13-0028,,どのぐらい,,,,,,,,,,,,,,,,,,,,,,,,,,,,,,,,,,,,,,,,,,,,,,,,,,,,,,,,,,,,,,,,,,,,,,,,,,,,,,,,,,,,,,,,,,,
どれぐらい,どれぐらい,多久，多少钱,どれぐらい,どれぐらい,doregurai,doregurai,"IDIOM",0,BIAORI-01-13-0029,,どれぐらい,,,,,,,,,,,,,,,,,,,,,,,,,,,,,,,,,,,,,,,,,,,,,,,,,,,,,,,,,,,,,,,,,,,,,,,,,,,,,,,,,,,,,,,,,,,
冊,冊,（~册）,,さつ,satsu,satsu,"IDIOM",null,BIAORI-01-13-0030,,冊,さつ,,,,,,,,,,,,,,,,,,,,,,,,,,,,,,,,,,,,,,,,,,,,,,,,,,,,,,,,,,,,,,,,,,,,,,,,,,,,,,,,,,,,,,,,,,
回,回,（~回）,,かい,kai,kai,"IDIOM",null,BIAORI-01-13-0031,,回,かい,,,,,,,,,,,,,,,,,,,,,,,,,,,,,,,,,,,,,,,,,,,,,,,,,,,,,,,,,,,,,,,,,,,,,,,,,,,,,,,,,,,,,,,,,,
枚,枚,（~枚）,,まい,mai,mai,"IDIOM",null,BIAORI-01-13-0032,,枚,まい,,,,,,,,,,,,,,,,,,,,,,,,,,,,,,,,,,,,,,,,,,,,,,,,,,,,,,,,,,,,,,,,,,,,,,,,,,,,,,,,,,,,,,,,,,
個,個,（~个）,,こ,ko,ko,"IDIOM",null,BIAORI-01-13-0033,,個,こ,,,,,,,,,,,,,,,,,,,,,,,,,,,,,,,,,,,,,,,,,,,,,,,,,,,,,,,,,,,,,,,,,,,,,,,,,,,,,,,,,,,,,,,,,,
杯,杯,（~杯）,,はい,hai,hai,"IDIOM",null,BIAORI-01-13-0034,,杯,はい,,,,,,,,,,,,,,,,,,,,,,,,,,,,,,,,,,,,,,,,,,,,,,,,,,,,,,,,,,,,,,,,,,,,,,,,,,,,,,,,,,,,,,,,,,
人,人-3,（~人）,,にん,nin',ninn,"IDIOM",null,BIAORI-01-13-0035,,人,にん,,,,,,,,,,,,,,,,,,,,,,,,,,,,,,,,,,,,,,,,,,,,,,,,,,,,,,,,,,,,,,,,,,,,,,,,,,,,,,,,,,,,,,,,,,
台,台,（~台）,,だい,dai,dai,"IDIOM",null,BIAORI-01-13-0036,,台,だい,,,,,,,,,,,,,,,,,,,,,,,,,,,,,,,,,,,,,,,,,,,,,,,,,,,,,,,,,,,,,,,,,,,,,,,,,,,,,,,,,,,,,,,,,,
本,本-BIAORI-2,（~本）,,ほん,hon,honn,"IDIOM",null,BIAORI-01-13-0037,,本,ほん,,,,,,,,,,,,,,,,,,,,,,,,,,,,,,,,,,,,,,,,,,,,,,,,,,,,,,,,,,,,,,,,,,,,,,,,,,,,,,,,,,,,,,,,,,
頭,頭,（~头）,,とう,to-,tou,"IDIOM",null,BIAORI-01-13-0038,,頭,とう,,,,,,,,,,,,,,,,,,,,,,,,,,,,,,,,,,,,,,,,,,,,,,,,,,,,,,,,,,,,,,,,,,,,,,,,,,,,,,,,,,,,,,,,,,
匹,匹,（~匹）,,ひき,hiki,hiki,"IDIOM",null,BIAORI-01-13-0039,,匹,ひき,,,,,,,,,,,,,,,,,,,,,,,,,,,,,,,,,,,,,,,,,,,,,,,,,,,,,,,,,,,,,,,,,,,,,,,,,,,,,,,,,,,,,,,,,,
つ,つ,（~つ）,,つ,tsu,tsu,"IDIOM",null,BIAORI-01-13-0040,,つ,,,,,,,,,,,,,,,,,,,,,,,,,,,,,,,,,,,,,,,,,,,,,,,,,,,,,,,,,,,,,,,,,,,,,,,,,,,,,,,,,,,,,,,,,,,
着,着,（~着）,,ちゃく,chaku,chaku,"IDIOM",null,BIAORI-01-13-0041,,着,ちゃく,,,,,,,,,,,,,,,,,,,,,,,,,,,,,,,,,,,,,,,,,,,,,,,,,,,,,,,,,,,,,,,,,,,,,,,,,,,,,,,,,,,,,,,,,,
羽,羽,（~羽）,,わ,wa,wa,"IDIOM",null,BIAORI-01-13-0042,,羽,わ,,,,,,,,,,,,,,,,,,,,,,,,,,,,,,,,,,,,,,,,,,,,,,,,,,,,,,,,,,,,,,,,,,,,,,,,,,,,,,,,,,,,,,,,,,
番,番,（~番）,,ばん,ban,bann,"IDIOM",null,BIAORI-01-13-0043,,番,ばん,,,,,,,,,,,,,,,,,,,,,,,,,,,,,,,,,,,,,,,,,,,,,,,,,,,,,,,,,,,,,,,,,,,,,,,,,,,,,,,,,,,,,,,,,,
足,足,（~足）,,そく,soku,soku,"IDIOM",null,BIAORI-01-13-0044,,足,そく,,,,,,,,,,,,,,,,,,,,,,,,,,,,,,,,,,,,,,,,,,,,,,,,,,,,,,,,,,,,,,,,,,,,,,,,,,,,,,,,,,,,,,,,,,
度,度,（~度）,,ど,do,do,"IDIOM",null,BIAORI-01-13-0045,,度,ど,,,,,,,,,,,,,,,,,,,,,,,,,,,,,,,,,,,,,,,,,,,,,,,,,,,,,,,,,,,,,,,,,,,,,,,,,,,,,,,,,,,,,,,,,,
キロメートル,キロメートル,（~千米）,,キロメートル,kiromētoru,kirome-toru,"IDIOM",null,BIAORI-01-13-0046,WARNING,キロメートル,kilo meter,,,,,,,,,,,,,,,,,,,,,,,,,,,,,,,,,,,,,,,,,,,,,,,,,,,,,,,,,,,,,,,,,,,,,,,,,,,,,,,,,,,,,,,,,,
皿,皿,（~皿）,,さら,sara,sara,"IDIOM",null,BIAORI-01-13-0047,,皿,さら,,,,,,,,,,,,,,,,,,,,,,,,,,,,,,,,,,,,,,,,,,,,,,,,,,,,,,,,,,,,,,,,,,,,,,,,,,,,,,,,,,,,,,,,,,
時間,時間,（~个小时）,,じかん,jikan,jikann,"IDIOM",null,BIAORI-01-13-0048,,時,じ,間,かん,,,,,,,,,,,,,,,,,,,,,,,,,,,,,,,,,,,,,,,,,,,,,,,,,,,,,,,,,,,,,,,,,,,,,,,,,,,,,,,,,,,,,,,,
週間,週間,（~个星期）,,しゅうかん,shūkan,shuukann,"IDIOM",null,BIAORI-01-13-0049,,週,しゅう,間,かん,,,,,,,,,,,,,,,,,,,,,,,,,,,,,,,,,,,,,,,,,,,,,,,,,,,,,,,,,,,,,,,,,,,,,,,,,,,,,,,,,,,,,,,,
か月,か月,（~个月）,,かげつ,kagetsu,kagetsu,"IDIOM",null,BIAORI-01-13-0050,,か,月,げつ,,,,,,,,,,,,,,,,,,,,,,,,,,,,,,,,,,,,,,,,,,,,,,,,,,,,,,,,,,,,,,,,,,,,,,,,,,,,,,,,,,,,,,,,,
たち,たち,（~们）,,たち,tachi,tachi,"IDIOM",null,BIAORI-01-13-0051,,たち,,,,,,,,,,,,,,,,,,,,,,,,,,,,,,,,,,,,,,,,,,,,,,,,,,,,,,,,,,,,,,,,,,,,,,,,,,,,,,,,,,,,,,,,,,,
船便,船便,海运,,ふなびん,funabin,funabinn,"NOUN",0,BIAORI-01-14-0001,,船,ふな,便,びん,,,,,,,,,,,,,,,,,,,,,,,,,,,,,,,,,,,,,,,,,,,,,,,,,,,,,,,,,,,,,,,,,,,,,,,,,,,,,,,,,,,,,,,,
書類,書類,文件，文稿,,しょるい,shorui,shorui,"NOUN",0,BIAORI-01-14-0002,,書,しょ,類,るい,,,,,,,,,,,,,,,,,,,,,,,,,,,,,,,,,,,,,,,,,,,,,,,,,,,,,,,,,,,,,,,,,,,,,,,,,,,,,,,,,,,,,,,,
原稿,原稿,稿子，原稿,,げんこう,genkō,gennkou,"NOUN",0,BIAORI-01-14-0003,,原,げん,稿,こう,,,,,,,,,,,,,,,,,,,,,,,,,,,,,,,,,,,,,,,,,,,,,,,,,,,,,,,,,,,,,,,,,,,,,,,,,,,,,,,,,,,,,,,,
記事,記事,报道,,きじ,kiji,kiji,"NOUN",1,BIAORI-01-14-0004,,記,き,事,じ,,,,,,,,,,,,,,,,,,,,,,,,,,,,,,,,,,,,,,,,,,,,,,,,,,,,,,,,,,,,,,,,,,,,,,,,,,,,,,,,,,,,,,,,
メモ,メモ,记录,,メモ,memo,memo,"NOUN",1,BIAORI-01-14-0005,,メモ,,,,,,,,,,,,,,,,,,,,,,,,,,,,,,,,,,,,,,,,,,,,,,,,,,,,,,,,,,,,,,,,,,,,,,,,,,,,,,,,,,,,,,,,,,,
駅前,駅前,车站一带,,えきまえ,ekimae,ekimae,"NOUN",3,BIAORI-01-14-0006,,駅,えき,前,まえ,,,,,,,,,,,,,,,,,,,,,,,,,,,,,,,,,,,,,,,,,,,,,,,,,,,,,,,,,,,,,,,,,,,,,,,,,,,,,,,,,,,,,,,,
橋,橋,桥，桥梁,,はし,hashi,hashi,"NOUN",2,BIAORI-01-14-0007,,橋,はし,,,,,,,,,,,,,,,,,,,,,,,,,,,,,,,,,,,,,,,,,,,,,,,,,,,,,,,,,,,,,,,,,,,,,,,,,,,,,,,,,,,,,,,,,,
角,角,拐角,,かど,kaku,kado,"NOUN",1,BIAORI-01-14-0008,,角,かど,,,,,,,,,,,,,,,,,,,,,,,,,,,,,,,,,,,,,,,,,,,,,,,,,,,,,,,,,,,,,,,,,,,,,,,,,,,,,,,,,,,,,,,,,,
横断歩道,横断歩道,人行横道,,おうだんほどう,ōdanhodō,oudannhodou,"NOUN",5,BIAORI-01-14-0009,,横,おう,断,だん,歩,ほ,道,どう,,,,,,,,,,,,,,,,,,,,,,,,,,,,,,,,,,,,,,,,,,,,,,,,,,,,,,,,,,,,,,,,,,,,,,,,,,,,,,,,,,,,
右,右,右，右边,,みぎ,migi,migi,"NOUN",0,BIAORI-01-14-0010,,右,みぎ,,,,,,,,,,,,,,,,,,,,,,,,,,,,,,,,,,,,,,,,,,,,,,,,,,,,,,,,,,,,,,,,,,,,,,,,,,,,,,,,,,,,,,,,,,
左,左,左，左边,,ひだり,hidari,hidari,"NOUN",0,BIAORI-01-14-0011,,左,ひだり,,,,,,,,,,,,,,,,,,,,,,,,,,,,,,,,,,,,,,,,,,,,,,,,,,,,,,,,,,,,,,,,,,,,,,,,,,,,,,,,,,,,,,,,,,
交差点,交差点,十字路口,,こうさてん,kōsaten,kousatenn,"NOUN",0,BIAORI-01-14-0012,,交,こう,差,さ,点,てん,,,,,,,,,,,,,,,,,,,,,,,,,,,,,,,,,,,,,,,,,,,,,,,,,,,,,,,,,,,,,,,,,,,,,,,,,,,,,,,,,,,,,,
道,道,路，道路,,みち,michi,michi,"NOUN",0,BIAORI-01-14-0013,,道,みち,,,,,,,,,,,,,,,,,,,,,,,,,,,,,,,,,,,,,,,,,,,,,,,,,,,,,,,,,,,,,,,,,,,,,,,,,,,,,,,,,,,,,,,,,,
ドア,ドア,门,,ドア,doa,doa,"NOUN",1,BIAORI-01-14-0014,WARNING,ドア,door,,,,,,,,,,,,,,,,,,,,,,,,,,,,,,,,,,,,,,,,,,,,,,,,,,,,,,,,,,,,,,,,,,,,,,,,,,,,,,,,,,,,,,,,,,
電気,電気,电，电力,,でんき,denki,dennki,"NOUN",1,BIAORI-01-14-0015,,電,でん,気,き,,,,,,,,,,,,,,,,,,,,,,,,,,,,,,,,,,,,,,,,,,,,,,,,,,,,,,,,,,,,,,,,,,,,,,,,,,,,,,,,,,,,,,,,
太極拳,太極拳,太极拳,,たいきょくけん,taikyokuken,taikyokukenn,"NOUN",4,BIAORI-01-14-0016,,太,たい,極,きょく,拳,けん,,,,,,,,,,,,,,,,,,,,,,,,,,,,,,,,,,,,,,,,,,,,,,,,,,,,,,,,,,,,,,,,,,,,,,,,,,,,,,,,,,,,,,
朝ご飯,朝ご飯,早饭,,あさごはん,asagohan,asagohann,"NOUN",3,BIAORI-01-14-0017,,朝,あさ,ご,飯,はん,,,,,,,,,,,,,,,,,,,,,,,,,,,,,,,,,,,,,,,,,,,,,,,,,,,,,,,,,,,,,,,,,,,,,,,,,,,,,,,,,,,,,,,
晩ご飯,晩ご飯,晚饭,,ばんごはん,bangohan,banngohan,"NOUN",3,BIAORI-01-14-0018,,晩,ばん,ご,飯,はん,,,,,,,,,,,,,,,,,,,,,,,,,,,,,,,,,,,,,,,,,,,,,,,,,,,,,,,,,,,,,,,,,,,,,,,,,,,,,,,,,,,,,,,
バーベキュー,バーベキュー,户外烧烤,,バーベキュー,bābekyū,ba-bekyū,"NOUN",3,BIAORI-01-14-0019,WARNING,バーベキュー,barbecue,,,,,,,,,,,,,,,,,,,,,,,,,,,,,,,,,,,,,,,,,,,,,,,,,,,,,,,,,,,,,,,,,,,,,,,,,,,,,,,,,,,,,,,,,,
通る,通る,通过，经过,,とおる,tōru,tooru,["VERB"|"GODAN"],null,BIAORI-01-14-0020,,通,とお,る,,,,,,,,,,,,,,,,,,,,,,,,,,,,,,,,,,,,,,,,,,,,,,,,,,,,,,,,,,,,,,,,,,,,,,,,,,,,,,,,,,,,,,,,,
急ぐ,急ぐ,急，匆忙,,いそぐ,isogu,isogu,["VERB"|"GODAN"],null,BIAORI-01-14-0021,,急,いそ,ぐ,,,,,,,,,,,,,,,,,,,,,,,,,,,,,,,,,,,,,,,,,,,,,,,,,,,,,,,,,,,,,,,,,,,,,,,,,,,,,,,,,,,,,,,,,
飛ぶ,飛ぶ,飞，飞行,,とぶ,tobu,tobu,["VERB"|"GODAN"],null,BIAORI-01-14-0022,,飛,と,ぶ,,,,,,,,,,,,,,,,,,,,,,,,,,,,,,,,,,,,,,,,,,,,,,,,,,,,,,,,,,,,,,,,,,,,,,,,,,,,,,,,,,,,,,,,,
死ぬ,死ぬ,死，死亡,,しぬ,shinu,shinu,["VERB"|"GODAN"],null,BIAORI-01-14-0023,,死,し,ぬ,,,,,,,,,,,,,,,,,,,,,,,,,,,,,,,,,,,,,,,,,,,,,,,,,,,,,,,,,,,,,,,,,,,,,,,,,,,,,,,,,,,,,,,,,
待つ,待つ,等待，等候,,まつ,matsu,matsu,["VERB"|"GODAN"],null,BIAORI-01-14-0024,,待,ま,つ,,,,,,,,,,,,,,,,,,,,,,,,,,,,,,,,,,,,,,,,,,,,,,,,,,,,,,,,,,,,,,,,,,,,,,,,,,,,,,,,,,,,,,,,,
売る,売る,卖，销售,,うる,uru,uru,["VERB"|"GODAN"],null,BIAORI-01-14-0025,,売,う,る,,,,,,,,,,,,,,,,,,,,,,,,,,,,,,,,,,,,,,,,,,,,,,,,,,,,,,,,,,,,,,,,,,,,,,,,,,,,,,,,,,,,,,,,,
話す,話す,说话，说,,はなす,hanasu,hanasu,["VERB"|"GODAN"],null,BIAORI-01-14-0026,,話,はな,す,,,,,,,,,,,,,,,,,,,,,,,,,,,,,,,,,,,,,,,,,,,,,,,,,,,,,,,,,,,,,,,,,,,,,,,,,,,,,,,,,,,,,,,,,
渡る,渡る,过（桥，河），穿过（马路）,,わたる,wataru,wataru,["VERB"|"GODAN"],null,BIAORI-01-14-0027,,渡,わた,る,,,,,,,,,,,,,,,,,,,,,,,,,,,,,,,,,,,,,,,,,,,,,,,,,,,,,,,,,,,,,,,,,,,,,,,,,,,,,,,,,,,,,,,,,
下ろす,下ろす,取，卸货,,おろす,orosu,orosu,["VERB"|"GODAN"],null,BIAORI-01-14-0028,,下,お,ろす,,,,,,,,,,,,,,,,,,,,,,,,,,,,,,,,,,,,,,,,,,,,,,,,,,,,,,,,,,,,,,,,,,,,,,,,,,,,,,,,,,,,,,,,,
選ぶ,選ぶ,挑选，选择,,えらぶ,erabu,erabu,["VERB"|"GODAN"],null,BIAORI-01-14-0029,,選,えら,ぶ,,,,,,,,,,,,,,,,,,,,,,,,,,,,,,,,,,,,,,,,,,,,,,,,,,,,,,,,,,,,,,,,,,,,,,,,,,,,,,,,,,,,,,,,,
消す,消す,关（灯），消除，去除,,けす,kesu,kesu,["VERB"|"GODAN"],null,BIAORI-01-14-0030,,消,け,す,,,,,,,,,,,,,,,,,,,,,,,,,,,,,,,,,,,,,,,,,,,,,,,,,,,,,,,,,,,,,,,,,,,,,,,,,,,,,,,,,,,,,,,,,
歩く,歩く,步行，行走,,あるく,aruku,aruku,["VERB"|"GODAN"],null,BIAORI-01-14-0031,,歩,ある,く,,,,,,,,,,,,,,,,,,,,,,,,,,,,,,,,,,,,,,,,,,,,,,,,,,,,,,,,,,,,,,,,,,,,,,,,,,,,,,,,,,,,,,,,,
曲がる,曲がる,拐弯，曲折,,まがる,magaru,magaru,["VERB"|"GODAN"],null,BIAORI-01-14-0032,,曲,ま,がる,,,,,,,,,,,,,,,,,,,,,,,,,,,,,,,,,,,,,,,,,,,,,,,,,,,,,,,,,,,,,,,,,,,,,,,,,,,,,,,,,,,,,,,,,
洗う,洗う,洗，洗涤,,あらう,arau,arau,["VERB"|"GODAN"],null,BIAORI-01-14-0033,,洗,あら,う,,,,,,,,,,,,,,,,,,,,,,,,,,,,,,,,,,,,,,,,,,,,,,,,,,,,,,,,,,,,,,,,,,,,,,,,,,,,,,,,,,,,,,,,,
出る,出る,离开,,でる,deru,deru,["VERB"|"SHIMOICHIDAN"],null,BIAORI-01-14-0034,,出,で,る,,,,,,,,,,,,,,,,,,,,,,,,,,,,,,,,,,,,,,,,,,,,,,,,,,,,,,,,,,,,,,,,,,,,,,,,,,,,,,,,,,,,,,,,,
出かける,出かける,外出，出门,,でかける,dekakeru,dekakeru,["VERB"|"SHIMOICHIDAN"],null,BIAORI-01-14-0035,,出,で,かける,,,,,,,,,,,,,,,,,,,,,,,,,,,,,出,で,掛,か,ける,,,,,,,,,,,,,,,,,,,,,,,,,,,,,,,,,,,,,,,,,,,,,,,,,,,,,,,,
開ける,開ける,开，打开，开启,,あける,akeru,akeru,["VERB"|"SHIMOICHIDAN"],null,BIAORI-01-14-0036,,開,あ,ける,,,,,,,,,,,,,,,,,,,,,,,,,,,,,,,,,,,,,,,,,,,,,,,,,,,,,,,,,,,,,,,,,,,,,,,,,,,,,,,,,,,,,,,,,
過ぎる,過ぎる,过,,すぎる,yogiru,sugiru,["VERB"|"KAMIICHIDAN"],null,BIAORI-01-14-0037,,過,す,ぎる,,,,,,,,,,,,,,,,,,,,,,,,,,,,,,,,,,,,,,,,,,,,,,,,,,,,,,,,,,,,,,,,,,,,,,,,,,,,,,,,,,,,,,,,,
見せる,見せる,给~看；出示,,みせる,miseru,miseru,["VERB"|"SHIMOICHIDAN"],null,BIAORI-01-14-0038,,見,み,せる,,,,,,,,,,,,,,,,,,,,,,,,,,,,,,,,,,,,,,,,,,,,,,,,,,,,,,,,,,,,,,,,,,,,,,,,,,,,,,,,,,,,,,,,,
つける,つける,开（灯）,,つける,tsukeru,tsukeru,["VERB"|"SHIMOICHIDAN"],null,BIAORI-01-14-0039,,つける,,,,,,,,,,,,,,,,,,,,,,,,,,,,,,,付,つ,ける,,,,,,,,,,,,,,,,,,,,,,,,,,,,,,,,,,,,,,,,,,,,,,,,,,,,,,,,,,
降りる,降りる,下（车，山）,,おりる,oriru,oriru,["VERB"|"KAMIICHIDAN"],null,BIAORI-01-14-0040,,降,お,りる,,,,,,,,,,,,,,,,,,,,,,,,,,,,,,,,,,,,,,,,,,,,,,,,,,,,,,,,,,,,,,,,,,,,,,,,,,,,,,,,,,,,,,,,,
買い物する,買い物する,买东西,,かいものする,kaimonosuru,kaimonosuru,["VERB"|"SAHEN"],null,BIAORI-01-14-0041,,買,か,い,物,もの,する,,,,,,,,,,,,,,,,,,,,,,,,,,,,,,,,,,,,,,,,,,,,,,,,,,,,,,,,,,,,,,,,,,,,,,,,,,,,,,,,,,,,,,
卒業する,卒業する,毕业,,そつぎょうする,sotsugyōsuru,sotsugyousuru,["VERB"|"SAHEN"],null,BIAORI-01-14-0042,,卒,そつ,業,ぎょう,する,,,,,,,,,,,,,,,,,,,,,,,,,,,,,,,,,,,,,,,,,,,,,,,,,,,,,,,,,,,,,,,,,,,,,,,,,,,,,,,,,,,,,,,
食事する,食事する,吃饭，用餐,,しょくじする,shokujisuru,shokujisuru,["VERB"|"SAHEN"],null,BIAORI-01-14-0043,,食,しょく,事,じ,する,,,,,,,,,,,,,,,,,,,,,,,,,,,,,,,,,,,,,,,,,,,,,,,,,,,,,,,,,,,,,,,,,,,,,,,,,,,,,,,,,,,,,,,
整理する,整理する,整理,,せいりする,seirisuru,seirisuru,["VERB"|"SAHEN"],null,BIAORI-01-14-0044,,整,せい,理,り,する,,,,,,,,,,,,,,,,,,,,,,,,,,,,,,,,,,,,,,,,,,,,,,,,,,,,,,,,,,,,,,,,,,,,,,,,,,,,,,,,,,,,,,,
コピー,コピー,复印,,コピー,kopī,kopi-,["VERB"|"SAHEN"],null,BIAORI-01-14-0045,WARNING,コピー,copy,,,,,,,,,,,,,,,,,,,,,,,,,,,,,,,,,,,,,,,,,,,,,,,,,,,,,,,,,,,,,,,,,,,,,,,,,,,,,,,,,,,,,,,,,,
暗い,暗い,黑暗，昏暗,,くらい,kurai,kurai,"ADJ",0,BIAORI-01-14-0046,,暗,くら,い,,,,,,,,,,,,,,,,,,,,,,,,,,,,,,,,,,,,,,,,,,,,,,,,,,,,,,,,,,,,,,,,,,,,,,,,,,,,,,,,,,,,,,,,,
大変,大変,够受的，不得了,,たいへん,taihen,taihenn,"KEIYODOSHI",0,BIAORI-01-14-0047,,大,たい,変,へん,,,,,,,,,,,,,,,,,,,,,,,,,,,,,,,,,,,,,,,,,,,,,,,,,,,,,,,,,,,,,,,,,,,,,,,,,,,,,,,,,,,,,,,,
なかなか,なかなか,相当，很，非常,,なかなか,nakanaka,nakanaka,"ADV",0,BIAORI-01-14-0048,,なかなか,,,,,,,,,,,,,,,,,,,,,,,,,,,,,,,中々,なかなか,,,,,,,,,,,,,,,,,,,,,,,,,,,,,,,,,,,,,,,,,,,,,,,,,,,,,,,,,,,
こう,こう,这样，如此,こう,こう,kō,kou,"ADV",0,BIAORI-01-14-0049,,こう,,,,,,,,,,,,,,,,,,,,,,,,,,,,,,,,,,,,,,,,,,,,,,,,,,,,,,,,,,,,,,,,,,,,,,,,,,,,,,,,,,,,,,,,,,,
そう,そう,那样,そう,そう,sō,sou,"ADV",0,BIAORI-01-14-0050,,そう,,,,,,,,,,,,,,,,,,,,,,,,,,,,,,,,,,,,,,,,,,,,,,,,,,,,,,,,,,,,,,,,,,,,,,,,,,,,,,,,,,,,,,,,,,,
ああ,ああ,那样,ああ,ああ,ā,aa,"ADV",0,BIAORI-01-14-0051,,ああ,,,,,,,,,,,,,,,,,,,,,,,,,,,,,,,,,,,,,,,,,,,,,,,,,,,,,,,,,,,,,,,,,,,,,,,,,,,,,,,,,,,,,,,,,,,
後で,後で,过会儿,後で,あとで,atode,atode,"ADV",1,BIAORI-01-14-0052,,後,あと,で,,,,,,,,,,,,,,,,,,,,,,,,,,,,,,,,,,,,,,,,,,,,,,,,,,,,,,,,,,,,,,,,,,,,,,,,,,,,,,,,,,,,,,,,,
それから,それから,然后；另外,それから,それから,sorekara,sorekara,"CONJ",0,BIAORI-01-14-0053,,それから,,,,,,,,,,,,,,,,,,,,,,,,,,,,,,,,,,,,,,,,,,,,,,,,,,,,,,,,,,,,,,,,,,,,,,,,,,,,,,,,,,,,,,,,,,,
すみませんが,すみませんが,对不起……，劳驾……,,すみませんが,sumimasenga,sumimasennga,"IDIOM",4,BIAORI-01-14-0054,,すみませんが,,,,,,,,,,,,,,,,,,,,,,,,,,,,,,,,,,,,,,,,,,,,,,,,,,,,,,,,,,,,,,,,,,,,,,,,,,,,,,,,,,,,,,,,,,,
ボート,ボート,,,ボート,bōto,bo-to,"IDIOM",null,BIAORI-01-14-0055,WARNING,ボート,boat,,,,,,,,,,,,,,,,,,,,,,,,,,,,,,,,,,,,,,,,,,,,,,,,,,,,,,,,,,,,,,,,,,,,,,,,,,,,,,,,,,,,,,,,,,
ベンチ,ベンチ,,,ベンチ,benchi,bennchi,"IDIOM",null,BIAORI-01-14-0056,WARNING,ベンチ,bench,,,,,,,,,,,,,,,,,,,,,,,,,,,,,,,,,,,,,,,,,,,,,,,,,,,,,,,,,,,,,,,,,,,,,,,,,,,,,,,,,,,,,,,,,,
市役所,市役所,,,しやくしょ,shiyakusho,shiyakusho,"IDIOM",null,BIAORI-01-14-0057,,市,し,役,やく,所,しょ,,,,,,,,,,,,,,,,,,,,,,,,,,,,,,,,,,,,,,,,,,,,,,,,,,,,,,,,,,,,,,,,,,,,,,,,,,,,,,,,,,,,,,
携帯電話,携帯電話,,,けいおびでんはなし,keitaidenwa,keiobidennhanashi,"IDIOM",null,BIAORI-01-14-0058,,携,けい,帯,おび,電,でん,話,はなし,,,,,,,,,,,,,,,,,,,,,,,,,,,,,,,,,,,,,,,,,,,,,,,,,,,,,,,,,,,,,,,,,,,,,,,,,,,,,,,,,,,,
禁煙,禁煙,,,きんけむり,kin'en,kinnkemuri,"IDIOM",null,BIAORI-01-14-0059,,禁,きん,煙,けむり,,,,,,,,,,,,,,,,,,,,,,,,,,,,,,,,,,,,,,,,,,,,,,,,,,,,,,,,,,,,,,,,,,,,,,,,,,,,,,,,,,,,,,,,
熱,熱,,,ねつ,netsu,netsu,"IDIOM",null,BIAORI-01-14-0060,,熱,ねつ,,,,,,,,,,,,,,,,,,,,,,,,,,,,,,,,,,,,,,,,,,,,,,,,,,,,,,,,,,,,,,,,,,,,,,,,,,,,,,,,,,,,,,,,,,
